<?xml version='1.0' encoding='utf-8'?>
<gpx version="1.1" creator="agents-for-humans-dataset" xmlns="http://www.topografix.com/GPX/1/1"><metadata><name>SwissPeaks Marathon 2025, trace nettoyée</name></metadata><trk><name>SwissPeaks Marathon 2025</name><trkseg><trkpt lat="46.238307" lon="6.851612"><ele>1349.2</ele></trkpt><trkpt lat="46.238479" lon="6.851343"><ele>1350.2</ele></trkpt><trkpt lat="46.238513" lon="6.851259"><ele>1350.8</ele></trkpt><trkpt lat="46.238581" lon="6.851165"><ele>1351.4</ele></trkpt><trkpt lat="46.238710" lon="6.851103"><ele>1352.4</ele></trkpt><trkpt lat="46.238846" lon="6.851052"><ele>1353.4</ele></trkpt><trkpt lat="46.238981" lon="6.851102"><ele>1354.0</ele></trkpt><trkpt lat="46.239225" lon="6.851238"><ele>1353.4</ele></trkpt><trkpt lat="46.239585" lon="6.851576"><ele>1353.2</ele></trkpt><trkpt lat="46.239683" lon="6.851776"><ele>1354.0</ele></trkpt><trkpt lat="46.239828" lon="6.852079"><ele>1355.6</ele></trkpt><trkpt lat="46.239965" lon="6.852248"><ele>1355.8</ele></trkpt><trkpt lat="46.240356" lon="6.852270"><ele>1353.4</ele></trkpt><trkpt lat="46.240585" lon="6.852176"><ele>1352.4</ele></trkpt><trkpt lat="46.240888" lon="6.852049"><ele>1351.8</ele></trkpt><trkpt lat="46.241249" lon="6.851867"><ele>1350.2</ele></trkpt><trkpt lat="46.241365" lon="6.851852"><ele>1349.6</ele></trkpt><trkpt lat="46.241542" lon="6.851877"><ele>1348.8</ele></trkpt><trkpt lat="46.241839" lon="6.852111"><ele>1349.6</ele></trkpt><trkpt lat="46.242032" lon="6.852282"><ele>1351.0</ele></trkpt><trkpt lat="46.242155" lon="6.852370"><ele>1352.2</ele></trkpt><trkpt lat="46.242276" lon="6.852448"><ele>1353.8</ele></trkpt><trkpt lat="46.242413" lon="6.852493"><ele>1356.0</ele></trkpt><trkpt lat="46.242483" lon="6.852562"><ele>1357.2</ele></trkpt><trkpt lat="46.242561" lon="6.852732"><ele>1358.6</ele></trkpt><trkpt lat="46.242543" lon="6.852951"><ele>1359.2</ele></trkpt><trkpt lat="46.242420" lon="6.853332"><ele>1360.2</ele></trkpt><trkpt lat="46.242274" lon="6.853695"><ele>1360.6</ele></trkpt><trkpt lat="46.242141" lon="6.854087"><ele>1361.4</ele></trkpt><trkpt lat="46.242077" lon="6.854418"><ele>1363.6</ele></trkpt><trkpt lat="46.241937" lon="6.854673"><ele>1365.0</ele></trkpt><trkpt lat="46.241718" lon="6.854888"><ele>1366.8</ele></trkpt><trkpt lat="46.241558" lon="6.855062"><ele>1368.4</ele></trkpt><trkpt lat="46.241395" lon="6.855354"><ele>1370.8</ele></trkpt><trkpt lat="46.241265" lon="6.855562"><ele>1371.8</ele></trkpt><trkpt lat="46.241136" lon="6.855816"><ele>1374.0</ele></trkpt><trkpt lat="46.241153" lon="6.855923"><ele>1374.2</ele></trkpt><trkpt lat="46.241154" lon="6.856013"><ele>1374.0</ele></trkpt><trkpt lat="46.241132" lon="6.856117"><ele>1375.4</ele></trkpt><trkpt lat="46.241125" lon="6.856178"><ele>1376.6</ele></trkpt><trkpt lat="46.241132" lon="6.856344"><ele>1378.4</ele></trkpt><trkpt lat="46.241117" lon="6.856458"><ele>1380.2</ele></trkpt><trkpt lat="46.241094" lon="6.856557"><ele>1382.0</ele></trkpt><trkpt lat="46.241106" lon="6.856677"><ele>1383.6</ele></trkpt><trkpt lat="46.241087" lon="6.856729"><ele>1385.2</ele></trkpt><trkpt lat="46.241087" lon="6.856735"><ele>1385.4</ele></trkpt><trkpt lat="46.241081" lon="6.856788"><ele>1386.2</ele></trkpt><trkpt lat="46.241065" lon="6.856886"><ele>1387.2</ele></trkpt><trkpt lat="46.241044" lon="6.856973"><ele>1388.4</ele></trkpt><trkpt lat="46.240980" lon="6.857101"><ele>1390.6</ele></trkpt><trkpt lat="46.240909" lon="6.857158"><ele>1392.0</ele></trkpt><trkpt lat="46.240883" lon="6.857218"><ele>1393.0</ele></trkpt><trkpt lat="46.240847" lon="6.857293"><ele>1393.6</ele></trkpt><trkpt lat="46.240797" lon="6.857353"><ele>1394.2</ele></trkpt><trkpt lat="46.240743" lon="6.857425"><ele>1395.2</ele></trkpt><trkpt lat="46.240756" lon="6.857610"><ele>1396.8</ele></trkpt><trkpt lat="46.240776" lon="6.857736"><ele>1398.6</ele></trkpt><trkpt lat="46.240827" lon="6.857875"><ele>1400.8</ele></trkpt><trkpt lat="46.240860" lon="6.858004"><ele>1401.6</ele></trkpt><trkpt lat="46.240864" lon="6.858136"><ele>1403.2</ele></trkpt><trkpt lat="46.240851" lon="6.858212"><ele>1404.0</ele></trkpt><trkpt lat="46.240873" lon="6.858327"><ele>1404.4</ele></trkpt><trkpt lat="46.240873" lon="6.858452"><ele>1405.0</ele></trkpt><trkpt lat="46.240887" lon="6.858582"><ele>1405.2</ele></trkpt><trkpt lat="46.240893" lon="6.858622"><ele>1405.4</ele></trkpt><trkpt lat="46.240883" lon="6.858742"><ele>1405.6</ele></trkpt><trkpt lat="46.240898" lon="6.859018"><ele>1407.2</ele></trkpt><trkpt lat="46.240935" lon="6.859140"><ele>1408.6</ele></trkpt><trkpt lat="46.240995" lon="6.859289"><ele>1410.6</ele></trkpt><trkpt lat="46.241041" lon="6.859460"><ele>1413.0</ele></trkpt><trkpt lat="46.241057" lon="6.859557"><ele>1414.8</ele></trkpt><trkpt lat="46.241057" lon="6.859681"><ele>1417.4</ele></trkpt><trkpt lat="46.241026" lon="6.859764"><ele>1418.6</ele></trkpt><trkpt lat="46.241010" lon="6.859875"><ele>1420.4</ele></trkpt><trkpt lat="46.240956" lon="6.859952"><ele>1422.2</ele></trkpt><trkpt lat="46.240920" lon="6.860049"><ele>1423.8</ele></trkpt><trkpt lat="46.240924" lon="6.860135"><ele>1425.2</ele></trkpt><trkpt lat="46.240925" lon="6.860337"><ele>1426.4</ele></trkpt><trkpt lat="46.240895" lon="6.860489"><ele>1428.4</ele></trkpt><trkpt lat="46.240874" lon="6.860712"><ele>1430.4</ele></trkpt><trkpt lat="46.240923" lon="6.860875"><ele>1432.0</ele></trkpt><trkpt lat="46.241015" lon="6.861054"><ele>1432.8</ele></trkpt><trkpt lat="46.241047" lon="6.861153"><ele>1434.2</ele></trkpt><trkpt lat="46.241078" lon="6.861144"><ele>1436.4</ele></trkpt><trkpt lat="46.241151" lon="6.861026"><ele>1438.6</ele></trkpt><trkpt lat="46.241205" lon="6.860912"><ele>1440.0</ele></trkpt><trkpt lat="46.241211" lon="6.860814"><ele>1441.2</ele></trkpt><trkpt lat="46.241254" lon="6.860648"><ele>1443.2</ele></trkpt><trkpt lat="46.241305" lon="6.860466"><ele>1445.2</ele></trkpt><trkpt lat="46.241373" lon="6.860384"><ele>1446.4</ele></trkpt><trkpt lat="46.241478" lon="6.860412"><ele>1448.0</ele></trkpt><trkpt lat="46.241551" lon="6.860523"><ele>1449.8</ele></trkpt><trkpt lat="46.241607" lon="6.860654"><ele>1451.2</ele></trkpt><trkpt lat="46.241622" lon="6.860873"><ele>1452.8</ele></trkpt><trkpt lat="46.241647" lon="6.860861"><ele>1453.6</ele></trkpt><trkpt lat="46.241701" lon="6.860808"><ele>1455.0</ele></trkpt><trkpt lat="46.241817" lon="6.860588"><ele>1457.6</ele></trkpt><trkpt lat="46.241885" lon="6.860436"><ele>1459.0</ele></trkpt><trkpt lat="46.241950" lon="6.860354"><ele>1460.6</ele></trkpt><trkpt lat="46.241996" lon="6.860389"><ele>1461.4</ele></trkpt><trkpt lat="46.241997" lon="6.860556"><ele>1463.4</ele></trkpt><trkpt lat="46.241980" lon="6.860779"><ele>1465.8</ele></trkpt><trkpt lat="46.242007" lon="6.860907"><ele>1466.8</ele></trkpt><trkpt lat="46.242022" lon="6.861130"><ele>1468.2</ele></trkpt><trkpt lat="46.242069" lon="6.861267"><ele>1470.8</ele></trkpt><trkpt lat="46.242139" lon="6.861202"><ele>1472.2</ele></trkpt><trkpt lat="46.242204" lon="6.860994"><ele>1474.6</ele></trkpt><trkpt lat="46.242291" lon="6.860854"><ele>1477.0</ele></trkpt><trkpt lat="46.242360" lon="6.860761"><ele>1479.0</ele></trkpt><trkpt lat="46.242421" lon="6.860619"><ele>1480.6</ele></trkpt><trkpt lat="46.242493" lon="6.860491"><ele>1482.8</ele></trkpt><trkpt lat="46.242576" lon="6.860328"><ele>1485.0</ele></trkpt><trkpt lat="46.242635" lon="6.860252"><ele>1486.4</ele></trkpt><trkpt lat="46.242775" lon="6.860005"><ele>1488.2</ele></trkpt><trkpt lat="46.242818" lon="6.859568"><ele>1487.0</ele></trkpt><trkpt lat="46.242949" lon="6.859083"><ele>1485.8</ele></trkpt><trkpt lat="46.243003" lon="6.858921"><ele>1488.2</ele></trkpt><trkpt lat="46.243111" lon="6.858726"><ele>1490.2</ele></trkpt><trkpt lat="46.243188" lon="6.858648"><ele>1491.6</ele></trkpt><trkpt lat="46.243232" lon="6.858549"><ele>1492.6</ele></trkpt><trkpt lat="46.243272" lon="6.858366"><ele>1494.0</ele></trkpt><trkpt lat="46.243353" lon="6.858224"><ele>1496.0</ele></trkpt><trkpt lat="46.243521" lon="6.858181"><ele>1497.0</ele></trkpt><trkpt lat="46.243731" lon="6.858044"><ele>1499.2</ele></trkpt><trkpt lat="46.243781" lon="6.858123"><ele>1500.8</ele></trkpt><trkpt lat="46.243787" lon="6.858210"><ele>1501.6</ele></trkpt><trkpt lat="46.243748" lon="6.858319"><ele>1502.8</ele></trkpt><trkpt lat="46.243710" lon="6.858392"><ele>1503.6</ele></trkpt><trkpt lat="46.243631" lon="6.858517"><ele>1506.0</ele></trkpt><trkpt lat="46.243601" lon="6.858725"><ele>1508.2</ele></trkpt><trkpt lat="46.243591" lon="6.858877"><ele>1509.8</ele></trkpt><trkpt lat="46.243575" lon="6.859070"><ele>1511.4</ele></trkpt><trkpt lat="46.243569" lon="6.859144"><ele>1512.4</ele></trkpt><trkpt lat="46.243563" lon="6.859275"><ele>1514.0</ele></trkpt><trkpt lat="46.243569" lon="6.859484"><ele>1516.0</ele></trkpt><trkpt lat="46.243646" lon="6.859617"><ele>1518.4</ele></trkpt><trkpt lat="46.243687" lon="6.859536"><ele>1519.6</ele></trkpt><trkpt lat="46.243708" lon="6.859243"><ele>1522.8</ele></trkpt><trkpt lat="46.243935" lon="6.858936"><ele>1524.6</ele></trkpt><trkpt lat="46.244109" lon="6.858867"><ele>1526.2</ele></trkpt><trkpt lat="46.244308" lon="6.858801"><ele>1528.2</ele></trkpt><trkpt lat="46.244403" lon="6.858559"><ele>1531.0</ele></trkpt><trkpt lat="46.244477" lon="6.858251"><ele>1532.8</ele></trkpt><trkpt lat="46.244529" lon="6.857953"><ele>1534.0</ele></trkpt><trkpt lat="46.244706" lon="6.857623"><ele>1536.0</ele></trkpt><trkpt lat="46.244814" lon="6.857470"><ele>1538.0</ele></trkpt><trkpt lat="46.244808" lon="6.857503"><ele>1539.4</ele></trkpt><trkpt lat="46.244795" lon="6.857569"><ele>1541.6</ele></trkpt><trkpt lat="46.244836" lon="6.857739"><ele>1542.4</ele></trkpt><trkpt lat="46.244838" lon="6.857783"><ele>1543.4</ele></trkpt><trkpt lat="46.244837" lon="6.857820"><ele>1544.0</ele></trkpt><trkpt lat="46.244858" lon="6.857901"><ele>1545.0</ele></trkpt><trkpt lat="46.244849" lon="6.857979"><ele>1547.2</ele></trkpt><trkpt lat="46.244836" lon="6.857997"><ele>1548.0</ele></trkpt><trkpt lat="46.244825" lon="6.858018"><ele>1548.2</ele></trkpt><trkpt lat="46.244853" lon="6.858064"><ele>1549.4</ele></trkpt><trkpt lat="46.244845" lon="6.858098"><ele>1550.4</ele></trkpt><trkpt lat="46.244875" lon="6.858121"><ele>1551.4</ele></trkpt><trkpt lat="46.244894" lon="6.858163"><ele>1551.8</ele></trkpt><trkpt lat="46.244911" lon="6.858228"><ele>1552.6</ele></trkpt><trkpt lat="46.244892" lon="6.858265"><ele>1553.6</ele></trkpt><trkpt lat="46.244901" lon="6.858308"><ele>1554.6</ele></trkpt><trkpt lat="46.244927" lon="6.858339"><ele>1555.2</ele></trkpt><trkpt lat="46.244955" lon="6.858352"><ele>1555.8</ele></trkpt><trkpt lat="46.244965" lon="6.858326"><ele>1557.4</ele></trkpt><trkpt lat="46.245001" lon="6.858336"><ele>1558.6</ele></trkpt><trkpt lat="46.245077" lon="6.858442"><ele>1561.2</ele></trkpt><trkpt lat="46.245119" lon="6.858538"><ele>1563.2</ele></trkpt><trkpt lat="46.245158" lon="6.858583"><ele>1565.2</ele></trkpt><trkpt lat="46.245205" lon="6.858595"><ele>1567.0</ele></trkpt><trkpt lat="46.245188" lon="6.858505"><ele>1569.0</ele></trkpt><trkpt lat="46.245182" lon="6.858529"><ele>1571.2</ele></trkpt><trkpt lat="46.245185" lon="6.858508"><ele>1572.4</ele></trkpt><trkpt lat="46.245171" lon="6.858369"><ele>1574.8</ele></trkpt><trkpt lat="46.245172" lon="6.858283"><ele>1575.2</ele></trkpt><trkpt lat="46.245227" lon="6.858247"><ele>1577.0</ele></trkpt><trkpt lat="46.245308" lon="6.858151"><ele>1580.8</ele></trkpt><trkpt lat="46.245371" lon="6.858219"><ele>1582.8</ele></trkpt><trkpt lat="46.245402" lon="6.858304"><ele>1584.8</ele></trkpt><trkpt lat="46.245422" lon="6.858354"><ele>1586.0</ele></trkpt><trkpt lat="46.245440" lon="6.858384"><ele>1586.8</ele></trkpt><trkpt lat="46.245442" lon="6.858405"><ele>1588.6</ele></trkpt><trkpt lat="46.245423" lon="6.858558"><ele>1589.4</ele></trkpt><trkpt lat="46.245391" lon="6.858685"><ele>1589.6</ele></trkpt><trkpt lat="46.245347" lon="6.858799"><ele>1591.2</ele></trkpt><trkpt lat="46.245333" lon="6.858864"><ele>1592.4</ele></trkpt><trkpt lat="46.245313" lon="6.859016"><ele>1593.0</ele></trkpt><trkpt lat="46.245316" lon="6.859258"><ele>1592.2</ele></trkpt><trkpt lat="46.245251" lon="6.859496"><ele>1592.6</ele></trkpt><trkpt lat="46.245265" lon="6.859654"><ele>1591.8</ele></trkpt><trkpt lat="46.245263" lon="6.859775"><ele>1591.8</ele></trkpt><trkpt lat="46.245234" lon="6.859865"><ele>1593.8</ele></trkpt><trkpt lat="46.245237" lon="6.860082"><ele>1596.2</ele></trkpt><trkpt lat="46.245207" lon="6.860175"><ele>1597.0</ele></trkpt><trkpt lat="46.245136" lon="6.860311"><ele>1597.2</ele></trkpt><trkpt lat="46.245087" lon="6.860428"><ele>1598.4</ele></trkpt><trkpt lat="46.245067" lon="6.860558"><ele>1598.4</ele></trkpt><trkpt lat="46.245133" lon="6.860733"><ele>1599.6</ele></trkpt><trkpt lat="46.245079" lon="6.860951"><ele>1600.4</ele></trkpt><trkpt lat="46.245081" lon="6.861086"><ele>1602.0</ele></trkpt><trkpt lat="46.245091" lon="6.861162"><ele>1603.0</ele></trkpt><trkpt lat="46.245082" lon="6.861247"><ele>1604.2</ele></trkpt><trkpt lat="46.245107" lon="6.861350"><ele>1605.2</ele></trkpt><trkpt lat="46.245081" lon="6.861418"><ele>1606.2</ele></trkpt><trkpt lat="46.245102" lon="6.861565"><ele>1607.8</ele></trkpt><trkpt lat="46.245126" lon="6.861712"><ele>1607.2</ele></trkpt><trkpt lat="46.245201" lon="6.861973"><ele>1608.0</ele></trkpt><trkpt lat="46.245339" lon="6.862169"><ele>1610.0</ele></trkpt><trkpt lat="46.245322" lon="6.862299"><ele>1610.8</ele></trkpt><trkpt lat="46.245370" lon="6.862467"><ele>1611.8</ele></trkpt><trkpt lat="46.245426" lon="6.862706"><ele>1614.6</ele></trkpt><trkpt lat="46.245491" lon="6.862924"><ele>1616.4</ele></trkpt><trkpt lat="46.245481" lon="6.862989"><ele>1617.4</ele></trkpt><trkpt lat="46.245496" lon="6.863116"><ele>1618.4</ele></trkpt><trkpt lat="46.245516" lon="6.863246"><ele>1619.4</ele></trkpt><trkpt lat="46.245530" lon="6.863448"><ele>1620.6</ele></trkpt><trkpt lat="46.245463" lon="6.863554"><ele>1622.4</ele></trkpt><trkpt lat="46.245521" lon="6.863745"><ele>1622.8</ele></trkpt><trkpt lat="46.245614" lon="6.863894"><ele>1625.0</ele></trkpt><trkpt lat="46.245682" lon="6.864067"><ele>1626.4</ele></trkpt><trkpt lat="46.245719" lon="6.864163"><ele>1627.2</ele></trkpt><trkpt lat="46.245757" lon="6.864315"><ele>1629.2</ele></trkpt><trkpt lat="46.245750" lon="6.864407"><ele>1630.2</ele></trkpt><trkpt lat="46.245776" lon="6.864556"><ele>1632.0</ele></trkpt><trkpt lat="46.245803" lon="6.864816"><ele>1633.8</ele></trkpt><trkpt lat="46.245855" lon="6.865040"><ele>1633.0</ele></trkpt><trkpt lat="46.245988" lon="6.865307"><ele>1634.6</ele></trkpt><trkpt lat="46.246145" lon="6.865547"><ele>1632.6</ele></trkpt><trkpt lat="46.246263" lon="6.865705"><ele>1633.2</ele></trkpt><trkpt lat="46.246380" lon="6.865897"><ele>1634.6</ele></trkpt><trkpt lat="46.246433" lon="6.866148"><ele>1637.0</ele></trkpt><trkpt lat="46.246472" lon="6.866291"><ele>1638.8</ele></trkpt><trkpt lat="46.246512" lon="6.866445"><ele>1640.4</ele></trkpt><trkpt lat="46.246489" lon="6.866526"><ele>1641.6</ele></trkpt><trkpt lat="46.246467" lon="6.866615"><ele>1642.8</ele></trkpt><trkpt lat="46.246499" lon="6.866862"><ele>1645.0</ele></trkpt><trkpt lat="46.246499" lon="6.867018"><ele>1646.0</ele></trkpt><trkpt lat="46.246475" lon="6.867119"><ele>1646.8</ele></trkpt><trkpt lat="46.246491" lon="6.867231"><ele>1647.2</ele></trkpt><trkpt lat="46.246497" lon="6.867340"><ele>1648.2</ele></trkpt><trkpt lat="46.246478" lon="6.867403"><ele>1649.0</ele></trkpt><trkpt lat="46.246500" lon="6.867460"><ele>1650.0</ele></trkpt><trkpt lat="46.246506" lon="6.867550"><ele>1650.8</ele></trkpt><trkpt lat="46.246544" lon="6.867684"><ele>1651.6</ele></trkpt><trkpt lat="46.246626" lon="6.867827"><ele>1652.6</ele></trkpt><trkpt lat="46.246703" lon="6.868040"><ele>1654.8</ele></trkpt><trkpt lat="46.246816" lon="6.868276"><ele>1655.8</ele></trkpt><trkpt lat="46.246984" lon="6.868528"><ele>1657.6</ele></trkpt><trkpt lat="46.247003" lon="6.868627"><ele>1658.8</ele></trkpt><trkpt lat="46.247086" lon="6.868750"><ele>1661.4</ele></trkpt><trkpt lat="46.247200" lon="6.868800"><ele>1663.4</ele></trkpt><trkpt lat="46.247401" lon="6.868674"><ele>1664.8</ele></trkpt><trkpt lat="46.247688" lon="6.868490"><ele>1662.2</ele></trkpt><trkpt lat="46.247859" lon="6.868468"><ele>1663.8</ele></trkpt><trkpt lat="46.247925" lon="6.868415"><ele>1664.6</ele></trkpt><trkpt lat="46.247966" lon="6.868384"><ele>1665.6</ele></trkpt><trkpt lat="46.248062" lon="6.868381"><ele>1667.0</ele></trkpt><trkpt lat="46.248242" lon="6.868419"><ele>1667.8</ele></trkpt><trkpt lat="46.248564" lon="6.868482"><ele>1669.2</ele></trkpt><trkpt lat="46.248931" lon="6.868587"><ele>1669.2</ele></trkpt><trkpt lat="46.249164" lon="6.868773"><ele>1667.8</ele></trkpt><trkpt lat="46.249371" lon="6.868919"><ele>1666.8</ele></trkpt><trkpt lat="46.249793" lon="6.869443"><ele>1667.6</ele></trkpt><trkpt lat="46.249821" lon="6.869509"><ele>1668.0</ele></trkpt><trkpt lat="46.249865" lon="6.869647"><ele>1668.4</ele></trkpt><trkpt lat="46.249938" lon="6.869816"><ele>1669.4</ele></trkpt><trkpt lat="46.250070" lon="6.870001"><ele>1670.6</ele></trkpt><trkpt lat="46.250222" lon="6.870167"><ele>1671.2</ele></trkpt><trkpt lat="46.250308" lon="6.870341"><ele>1672.4</ele></trkpt><trkpt lat="46.250462" lon="6.870562"><ele>1673.6</ele></trkpt><trkpt lat="46.250620" lon="6.870676"><ele>1676.2</ele></trkpt><trkpt lat="46.250850" lon="6.870935"><ele>1679.4</ele></trkpt><trkpt lat="46.250869" lon="6.870942"><ele>1679.4</ele></trkpt><trkpt lat="46.251203" lon="6.871138"><ele>1678.8</ele></trkpt><trkpt lat="46.251293" lon="6.871278"><ele>1680.6</ele></trkpt><trkpt lat="46.251292" lon="6.871404"><ele>1682.4</ele></trkpt><trkpt lat="46.251208" lon="6.871445"><ele>1683.8</ele></trkpt><trkpt lat="46.251150" lon="6.871612"><ele>1686.8</ele></trkpt><trkpt lat="46.251081" lon="6.871674"><ele>1688.2</ele></trkpt><trkpt lat="46.251042" lon="6.871731"><ele>1689.2</ele></trkpt><trkpt lat="46.250950" lon="6.871835"><ele>1690.8</ele></trkpt><trkpt lat="46.250950" lon="6.871913"><ele>1691.6</ele></trkpt><trkpt lat="46.250952" lon="6.872086"><ele>1693.2</ele></trkpt><trkpt lat="46.250969" lon="6.872158"><ele>1694.2</ele></trkpt><trkpt lat="46.251022" lon="6.872228"><ele>1695.6</ele></trkpt><trkpt lat="46.251077" lon="6.872274"><ele>1697.4</ele></trkpt><trkpt lat="46.251099" lon="6.872333"><ele>1698.2</ele></trkpt><trkpt lat="46.251122" lon="6.872425"><ele>1699.6</ele></trkpt><trkpt lat="46.251142" lon="6.872611"><ele>1701.6</ele></trkpt><trkpt lat="46.251158" lon="6.872697"><ele>1702.2</ele></trkpt><trkpt lat="46.251190" lon="6.872824"><ele>1704.6</ele></trkpt><trkpt lat="46.251224" lon="6.872927"><ele>1706.0</ele></trkpt><trkpt lat="46.251258" lon="6.873022"><ele>1707.4</ele></trkpt><trkpt lat="46.251294" lon="6.873116"><ele>1708.8</ele></trkpt><trkpt lat="46.251328" lon="6.873174"><ele>1709.8</ele></trkpt><trkpt lat="46.251394" lon="6.873247"><ele>1710.6</ele></trkpt><trkpt lat="46.251435" lon="6.873276"><ele>1712.8</ele></trkpt><trkpt lat="46.251521" lon="6.873289"><ele>1714.8</ele></trkpt><trkpt lat="46.251648" lon="6.873301"><ele>1717.8</ele></trkpt><trkpt lat="46.251773" lon="6.873302"><ele>1720.0</ele></trkpt><trkpt lat="46.251919" lon="6.873253"><ele>1722.2</ele></trkpt><trkpt lat="46.252114" lon="6.873120"><ele>1724.2</ele></trkpt><trkpt lat="46.252272" lon="6.872990"><ele>1726.2</ele></trkpt><trkpt lat="46.252425" lon="6.872909"><ele>1728.0</ele></trkpt><trkpt lat="46.252707" lon="6.872920"><ele>1730.2</ele></trkpt><trkpt lat="46.252814" lon="6.872956"><ele>1731.4</ele></trkpt><trkpt lat="46.253054" lon="6.873069"><ele>1735.0</ele></trkpt><trkpt lat="46.253256" lon="6.873096"><ele>1736.0</ele></trkpt><trkpt lat="46.253747" lon="6.873266"><ele>1738.0</ele></trkpt><trkpt lat="46.253995" lon="6.873280"><ele>1738.4</ele></trkpt><trkpt lat="46.254220" lon="6.873241"><ele>1741.2</ele></trkpt><trkpt lat="46.254580" lon="6.873128"><ele>1742.0</ele></trkpt><trkpt lat="46.254936" lon="6.873049"><ele>1742.8</ele></trkpt><trkpt lat="46.255015" lon="6.873045"><ele>1745.0</ele></trkpt><trkpt lat="46.255377" lon="6.873038"><ele>1747.2</ele></trkpt><trkpt lat="46.255731" lon="6.873030"><ele>1748.6</ele></trkpt><trkpt lat="46.255934" lon="6.873099"><ele>1750.6</ele></trkpt><trkpt lat="46.256178" lon="6.873099"><ele>1752.6</ele></trkpt><trkpt lat="46.256312" lon="6.873099"><ele>1753.8</ele></trkpt><trkpt lat="46.256463" lon="6.873117"><ele>1756.6</ele></trkpt><trkpt lat="46.256616" lon="6.873084"><ele>1758.2</ele></trkpt><trkpt lat="46.256722" lon="6.873089"><ele>1759.4</ele></trkpt><trkpt lat="46.256869" lon="6.873150"><ele>1761.2</ele></trkpt><trkpt lat="46.256960" lon="6.873170"><ele>1762.8</ele></trkpt><trkpt lat="46.257104" lon="6.873276"><ele>1764.8</ele></trkpt><trkpt lat="46.257180" lon="6.873354"><ele>1767.4</ele></trkpt><trkpt lat="46.257251" lon="6.873467"><ele>1769.6</ele></trkpt><trkpt lat="46.257320" lon="6.873429"><ele>1770.8</ele></trkpt><trkpt lat="46.257388" lon="6.873376"><ele>1772.4</ele></trkpt><trkpt lat="46.257546" lon="6.873251"><ele>1775.4</ele></trkpt><trkpt lat="46.257643" lon="6.873204"><ele>1777.4</ele></trkpt><trkpt lat="46.257725" lon="6.873181"><ele>1779.8</ele></trkpt><trkpt lat="46.257777" lon="6.873179"><ele>1781.0</ele></trkpt><trkpt lat="46.257945" lon="6.873174"><ele>1784.4</ele></trkpt><trkpt lat="46.258091" lon="6.873081"><ele>1787.4</ele></trkpt><trkpt lat="46.258217" lon="6.873025"><ele>1789.6</ele></trkpt><trkpt lat="46.258486" lon="6.872745"><ele>1787.8</ele></trkpt><trkpt lat="46.258618" lon="6.872801"><ele>1786.4</ele></trkpt><trkpt lat="46.258764" lon="6.872801"><ele>1783.2</ele></trkpt><trkpt lat="46.258907" lon="6.872742"><ele>1781.6</ele></trkpt><trkpt lat="46.258960" lon="6.872652"><ele>1777.4</ele></trkpt><trkpt lat="46.259171" lon="6.872583"><ele>1774.6</ele></trkpt><trkpt lat="46.259272" lon="6.872587"><ele>1772.2</ele></trkpt><trkpt lat="46.259350" lon="6.872518"><ele>1771.0</ele></trkpt><trkpt lat="46.259434" lon="6.872430"><ele>1767.6</ele></trkpt><trkpt lat="46.259524" lon="6.872231"><ele>1764.0</ele></trkpt><trkpt lat="46.259601" lon="6.872085"><ele>1761.4</ele></trkpt><trkpt lat="46.259695" lon="6.872004"><ele>1757.6</ele></trkpt><trkpt lat="46.259846" lon="6.872040"><ele>1756.4</ele></trkpt><trkpt lat="46.259987" lon="6.871993"><ele>1754.0</ele></trkpt><trkpt lat="46.260044" lon="6.871955"><ele>1752.8</ele></trkpt><trkpt lat="46.260269" lon="6.871906"><ele>1751.6</ele></trkpt><trkpt lat="46.260415" lon="6.871865"><ele>1749.8</ele></trkpt><trkpt lat="46.260631" lon="6.871806"><ele>1749.4</ele></trkpt><trkpt lat="46.260656" lon="6.871760"><ele>1748.4</ele></trkpt><trkpt lat="46.260751" lon="6.871736"><ele>1747.2</ele></trkpt><trkpt lat="46.260909" lon="6.871643"><ele>1746.2</ele></trkpt><trkpt lat="46.261021" lon="6.871523"><ele>1742.0</ele></trkpt><trkpt lat="46.261144" lon="6.871400"><ele>1738.2</ele></trkpt><trkpt lat="46.261355" lon="6.871322"><ele>1735.6</ele></trkpt><trkpt lat="46.261469" lon="6.871277"><ele>1733.2</ele></trkpt><trkpt lat="46.261584" lon="6.871268"><ele>1730.6</ele></trkpt><trkpt lat="46.261714" lon="6.871284"><ele>1726.6</ele></trkpt><trkpt lat="46.261839" lon="6.871279"><ele>1722.4</ele></trkpt><trkpt lat="46.261937" lon="6.871265"><ele>1719.4</ele></trkpt><trkpt lat="46.262051" lon="6.871257"><ele>1715.8</ele></trkpt><trkpt lat="46.262146" lon="6.871228"><ele>1713.6</ele></trkpt><trkpt lat="46.262247" lon="6.871158"><ele>1711.4</ele></trkpt><trkpt lat="46.262306" lon="6.871065"><ele>1707.6</ele></trkpt><trkpt lat="46.262405" lon="6.871059"><ele>1705.0</ele></trkpt><trkpt lat="46.262531" lon="6.871010"><ele>1703.4</ele></trkpt><trkpt lat="46.262499" lon="6.870831"><ele>1701.6</ele></trkpt><trkpt lat="46.262520" lon="6.870452"><ele>1699.0</ele></trkpt><trkpt lat="46.262573" lon="6.870173"><ele>1696.8</ele></trkpt><trkpt lat="46.262661" lon="6.869709"><ele>1695.2</ele></trkpt><trkpt lat="46.262760" lon="6.869469"><ele>1692.8</ele></trkpt><trkpt lat="46.263084" lon="6.869099"><ele>1691.4</ele></trkpt><trkpt lat="46.263273" lon="6.868990"><ele>1688.8</ele></trkpt><trkpt lat="46.263500" lon="6.868910"><ele>1686.0</ele></trkpt><trkpt lat="46.263733" lon="6.868756"><ele>1684.2</ele></trkpt><trkpt lat="46.264080" lon="6.868526"><ele>1682.2</ele></trkpt><trkpt lat="46.264440" lon="6.868270"><ele>1681.2</ele></trkpt><trkpt lat="46.264653" lon="6.868139"><ele>1682.4</ele></trkpt><trkpt lat="46.264928" lon="6.867918"><ele>1683.8</ele></trkpt><trkpt lat="46.265078" lon="6.867791"><ele>1685.8</ele></trkpt><trkpt lat="46.265166" lon="6.867718"><ele>1687.2</ele></trkpt><trkpt lat="46.265243" lon="6.867551"><ele>1688.6</ele></trkpt><trkpt lat="46.265259" lon="6.867327"><ele>1690.0</ele></trkpt><trkpt lat="46.265390" lon="6.866860"><ele>1688.8</ele></trkpt><trkpt lat="46.265498" lon="6.866495"><ele>1691.4</ele></trkpt><trkpt lat="46.265544" lon="6.866082"><ele>1691.8</ele></trkpt><trkpt lat="46.265537" lon="6.865843"><ele>1693.4</ele></trkpt><trkpt lat="46.265453" lon="6.865613"><ele>1690.8</ele></trkpt><trkpt lat="46.265398" lon="6.865219"><ele>1689.4</ele></trkpt><trkpt lat="46.265409" lon="6.864845"><ele>1689.6</ele></trkpt><trkpt lat="46.265419" lon="6.864736"><ele>1689.0</ele></trkpt><trkpt lat="46.265405" lon="6.864717"><ele>1688.4</ele></trkpt><trkpt lat="46.265408" lon="6.864717"><ele>1688.0</ele></trkpt><trkpt lat="46.265414" lon="6.864714"><ele>1688.0</ele></trkpt><trkpt lat="46.265436" lon="6.864627"><ele>1688.0</ele></trkpt><trkpt lat="46.265439" lon="6.864632"><ele>1687.6</ele></trkpt><trkpt lat="46.265439" lon="6.864636"><ele>1687.6</ele></trkpt><trkpt lat="46.265435" lon="6.864642"><ele>1687.0</ele></trkpt><trkpt lat="46.265442" lon="6.864508"><ele>1688.2</ele></trkpt><trkpt lat="46.265468" lon="6.864282"><ele>1689.2</ele></trkpt><trkpt lat="46.265567" lon="6.864137"><ele>1691.0</ele></trkpt><trkpt lat="46.265618" lon="6.864088"><ele>1691.8</ele></trkpt><trkpt lat="46.265732" lon="6.864017"><ele>1693.6</ele></trkpt><trkpt lat="46.265810" lon="6.863961"><ele>1695.8</ele></trkpt><trkpt lat="46.265886" lon="6.863911"><ele>1698.8</ele></trkpt><trkpt lat="46.265978" lon="6.863845"><ele>1700.2</ele></trkpt><trkpt lat="46.266130" lon="6.863779"><ele>1701.2</ele></trkpt><trkpt lat="46.266230" lon="6.863790"><ele>1703.4</ele></trkpt><trkpt lat="46.266382" lon="6.863731"><ele>1705.0</ele></trkpt><trkpt lat="46.266425" lon="6.863687"><ele>1707.4</ele></trkpt><trkpt lat="46.266511" lon="6.863667"><ele>1709.0</ele></trkpt><trkpt lat="46.266715" lon="6.863904"><ele>1710.8</ele></trkpt><trkpt lat="46.266907" lon="6.864110"><ele>1712.0</ele></trkpt><trkpt lat="46.267016" lon="6.864447"><ele>1714.0</ele></trkpt><trkpt lat="46.267178" lon="6.864712"><ele>1716.2</ele></trkpt><trkpt lat="46.267345" lon="6.864680"><ele>1717.0</ele></trkpt><trkpt lat="46.267750" lon="6.864597"><ele>1714.4</ele></trkpt><trkpt lat="46.268058" lon="6.864469"><ele>1714.2</ele></trkpt><trkpt lat="46.268293" lon="6.864411"><ele>1715.4</ele></trkpt><trkpt lat="46.268697" lon="6.864365"><ele>1716.2</ele></trkpt><trkpt lat="46.268881" lon="6.864350"><ele>1717.2</ele></trkpt><trkpt lat="46.268981" lon="6.864329"><ele>1717.8</ele></trkpt><trkpt lat="46.269259" lon="6.864271"><ele>1719.2</ele></trkpt><trkpt lat="46.269373" lon="6.864256"><ele>1720.0</ele></trkpt><trkpt lat="46.269499" lon="6.864220"><ele>1722.2</ele></trkpt><trkpt lat="46.269637" lon="6.864201"><ele>1724.4</ele></trkpt><trkpt lat="46.269771" lon="6.864179"><ele>1726.0</ele></trkpt><trkpt lat="46.269883" lon="6.864172"><ele>1728.0</ele></trkpt><trkpt lat="46.270042" lon="6.864114"><ele>1729.8</ele></trkpt><trkpt lat="46.270211" lon="6.863995"><ele>1732.2</ele></trkpt><trkpt lat="46.270337" lon="6.863904"><ele>1734.2</ele></trkpt><trkpt lat="46.270463" lon="6.863784"><ele>1736.4</ele></trkpt><trkpt lat="46.270580" lon="6.863682"><ele>1738.8</ele></trkpt><trkpt lat="46.270664" lon="6.863715"><ele>1741.4</ele></trkpt><trkpt lat="46.270748" lon="6.863704"><ele>1743.4</ele></trkpt><trkpt lat="46.270831" lon="6.863733"><ele>1745.8</ele></trkpt><trkpt lat="46.270902" lon="6.863759"><ele>1748.4</ele></trkpt><trkpt lat="46.271019" lon="6.863743"><ele>1751.4</ele></trkpt><trkpt lat="46.271145" lon="6.863794"><ele>1755.0</ele></trkpt><trkpt lat="46.271239" lon="6.863855"><ele>1757.0</ele></trkpt><trkpt lat="46.271300" lon="6.863878"><ele>1758.4</ele></trkpt><trkpt lat="46.271375" lon="6.863916"><ele>1760.6</ele></trkpt><trkpt lat="46.271448" lon="6.863971"><ele>1763.0</ele></trkpt><trkpt lat="46.271527" lon="6.864047"><ele>1765.4</ele></trkpt><trkpt lat="46.271610" lon="6.864079"><ele>1768.4</ele></trkpt><trkpt lat="46.271695" lon="6.864107"><ele>1771.0</ele></trkpt><trkpt lat="46.271751" lon="6.864104"><ele>1773.2</ele></trkpt><trkpt lat="46.271824" lon="6.864122"><ele>1775.6</ele></trkpt><trkpt lat="46.271864" lon="6.864066"><ele>1777.8</ele></trkpt><trkpt lat="46.271887" lon="6.863938"><ele>1780.0</ele></trkpt><trkpt lat="46.271905" lon="6.863877"><ele>1782.4</ele></trkpt><trkpt lat="46.271933" lon="6.863793"><ele>1784.6</ele></trkpt><trkpt lat="46.271930" lon="6.863680"><ele>1786.8</ele></trkpt><trkpt lat="46.271935" lon="6.863576"><ele>1789.4</ele></trkpt><trkpt lat="46.271942" lon="6.863487"><ele>1792.2</ele></trkpt><trkpt lat="46.271925" lon="6.863397"><ele>1794.6</ele></trkpt><trkpt lat="46.271902" lon="6.863304"><ele>1796.8</ele></trkpt><trkpt lat="46.271898" lon="6.863194"><ele>1799.4</ele></trkpt><trkpt lat="46.271878" lon="6.863055"><ele>1802.6</ele></trkpt><trkpt lat="46.271848" lon="6.862947"><ele>1804.6</ele></trkpt><trkpt lat="46.271822" lon="6.862835"><ele>1806.8</ele></trkpt><trkpt lat="46.271810" lon="6.862747"><ele>1808.2</ele></trkpt><trkpt lat="46.271802" lon="6.862625"><ele>1810.4</ele></trkpt><trkpt lat="46.271796" lon="6.862531"><ele>1812.4</ele></trkpt><trkpt lat="46.271787" lon="6.862431"><ele>1814.4</ele></trkpt><trkpt lat="46.271757" lon="6.862318"><ele>1816.6</ele></trkpt><trkpt lat="46.271737" lon="6.862221"><ele>1818.8</ele></trkpt><trkpt lat="46.271715" lon="6.862140"><ele>1820.6</ele></trkpt><trkpt lat="46.271706" lon="6.862057"><ele>1822.2</ele></trkpt><trkpt lat="46.271705" lon="6.861956"><ele>1824.0</ele></trkpt><trkpt lat="46.271737" lon="6.861906"><ele>1826.2</ele></trkpt><trkpt lat="46.271745" lon="6.861834"><ele>1827.8</ele></trkpt><trkpt lat="46.271774" lon="6.861734"><ele>1830.0</ele></trkpt><trkpt lat="46.271802" lon="6.861702"><ele>1832.0</ele></trkpt><trkpt lat="46.271827" lon="6.861634"><ele>1834.2</ele></trkpt><trkpt lat="46.271827" lon="6.861547"><ele>1836.4</ele></trkpt><trkpt lat="46.271850" lon="6.861429"><ele>1839.0</ele></trkpt><trkpt lat="46.271897" lon="6.861294"><ele>1841.4</ele></trkpt><trkpt lat="46.271942" lon="6.861231"><ele>1843.2</ele></trkpt><trkpt lat="46.272027" lon="6.861237"><ele>1846.2</ele></trkpt><trkpt lat="46.272089" lon="6.861337"><ele>1848.6</ele></trkpt><trkpt lat="46.272120" lon="6.861420"><ele>1851.0</ele></trkpt><trkpt lat="46.272168" lon="6.861441"><ele>1852.0</ele></trkpt><trkpt lat="46.272200" lon="6.861488"><ele>1854.2</ele></trkpt><trkpt lat="46.272239" lon="6.861520"><ele>1856.6</ele></trkpt><trkpt lat="46.272296" lon="6.861551"><ele>1858.8</ele></trkpt><trkpt lat="46.272368" lon="6.861583"><ele>1861.4</ele></trkpt><trkpt lat="46.272410" lon="6.861603"><ele>1863.6</ele></trkpt><trkpt lat="46.272461" lon="6.861612"><ele>1865.8</ele></trkpt><trkpt lat="46.272506" lon="6.861562"><ele>1868.4</ele></trkpt><trkpt lat="46.272548" lon="6.861474"><ele>1871.2</ele></trkpt><trkpt lat="46.272599" lon="6.861432"><ele>1873.6</ele></trkpt><trkpt lat="46.272644" lon="6.861404"><ele>1875.8</ele></trkpt><trkpt lat="46.272661" lon="6.861342"><ele>1878.8</ele></trkpt><trkpt lat="46.272680" lon="6.861262"><ele>1879.8</ele></trkpt><trkpt lat="46.272719" lon="6.861257"><ele>1881.0</ele></trkpt><trkpt lat="46.272754" lon="6.861266"><ele>1882.0</ele></trkpt><trkpt lat="46.272807" lon="6.861319"><ele>1884.6</ele></trkpt><trkpt lat="46.272855" lon="6.861319"><ele>1887.2</ele></trkpt><trkpt lat="46.272901" lon="6.861313"><ele>1889.0</ele></trkpt><trkpt lat="46.272945" lon="6.861294"><ele>1891.4</ele></trkpt><trkpt lat="46.272985" lon="6.861327"><ele>1893.2</ele></trkpt><trkpt lat="46.273025" lon="6.861343"><ele>1895.0</ele></trkpt><trkpt lat="46.273066" lon="6.861372"><ele>1897.0</ele></trkpt><trkpt lat="46.273122" lon="6.861425"><ele>1900.4</ele></trkpt><trkpt lat="46.273169" lon="6.861505"><ele>1902.6</ele></trkpt><trkpt lat="46.273206" lon="6.861569"><ele>1904.8</ele></trkpt><trkpt lat="46.273251" lon="6.861622"><ele>1907.2</ele></trkpt><trkpt lat="46.273296" lon="6.861679"><ele>1909.4</ele></trkpt><trkpt lat="46.273359" lon="6.861726"><ele>1911.6</ele></trkpt><trkpt lat="46.273439" lon="6.861747"><ele>1913.8</ele></trkpt><trkpt lat="46.273495" lon="6.861745"><ele>1915.4</ele></trkpt><trkpt lat="46.273569" lon="6.861757"><ele>1918.0</ele></trkpt><trkpt lat="46.273635" lon="6.861732"><ele>1919.2</ele></trkpt><trkpt lat="46.273727" lon="6.861750"><ele>1920.8</ele></trkpt><trkpt lat="46.273811" lon="6.861748"><ele>1923.8</ele></trkpt><trkpt lat="46.273870" lon="6.861719"><ele>1925.8</ele></trkpt><trkpt lat="46.273945" lon="6.861679"><ele>1927.8</ele></trkpt><trkpt lat="46.274025" lon="6.861665"><ele>1930.2</ele></trkpt><trkpt lat="46.274118" lon="6.861646"><ele>1932.4</ele></trkpt><trkpt lat="46.274194" lon="6.861621"><ele>1934.8</ele></trkpt><trkpt lat="46.274292" lon="6.861617"><ele>1937.0</ele></trkpt><trkpt lat="46.274449" lon="6.861596"><ele>1939.4</ele></trkpt><trkpt lat="46.274546" lon="6.861621"><ele>1941.4</ele></trkpt><trkpt lat="46.274653" lon="6.861638"><ele>1943.6</ele></trkpt><trkpt lat="46.274800" lon="6.861605"><ele>1945.6</ele></trkpt><trkpt lat="46.274915" lon="6.861562"><ele>1946.8</ele></trkpt><trkpt lat="46.275125" lon="6.861505"><ele>1946.6</ele></trkpt><trkpt lat="46.275387" lon="6.861437"><ele>1947.6</ele></trkpt><trkpt lat="46.275609" lon="6.861360"><ele>1948.8</ele></trkpt><trkpt lat="46.275792" lon="6.861341"><ele>1950.4</ele></trkpt><trkpt lat="46.275895" lon="6.861371"><ele>1952.0</ele></trkpt><trkpt lat="46.276036" lon="6.861328"><ele>1954.0</ele></trkpt><trkpt lat="46.276277" lon="6.861276"><ele>1957.2</ele></trkpt><trkpt lat="46.276428" lon="6.861277"><ele>1959.4</ele></trkpt><trkpt lat="46.276542" lon="6.861437"><ele>1959.4</ele></trkpt><trkpt lat="46.276670" lon="6.861591"><ele>1957.2</ele></trkpt><trkpt lat="46.276885" lon="6.861744"><ele>1954.0</ele></trkpt><trkpt lat="46.277008" lon="6.861827"><ele>1951.6</ele></trkpt><trkpt lat="46.277235" lon="6.862000"><ele>1947.4</ele></trkpt><trkpt lat="46.277315" lon="6.862038"><ele>1944.6</ele></trkpt><trkpt lat="46.277375" lon="6.862072"><ele>1941.4</ele></trkpt><trkpt lat="46.277413" lon="6.862089"><ele>1939.8</ele></trkpt><trkpt lat="46.277492" lon="6.862122"><ele>1936.6</ele></trkpt><trkpt lat="46.277561" lon="6.862179"><ele>1933.8</ele></trkpt><trkpt lat="46.277664" lon="6.862259"><ele>1929.8</ele></trkpt><trkpt lat="46.277792" lon="6.862343"><ele>1926.2</ele></trkpt><trkpt lat="46.277852" lon="6.862431"><ele>1923.8</ele></trkpt><trkpt lat="46.277905" lon="6.862549"><ele>1921.8</ele></trkpt><trkpt lat="46.277968" lon="6.862612"><ele>1918.8</ele></trkpt><trkpt lat="46.278014" lon="6.862625"><ele>1918.0</ele></trkpt><trkpt lat="46.278220" lon="6.862772"><ele>1914.0</ele></trkpt><trkpt lat="46.278379" lon="6.862904"><ele>1912.4</ele></trkpt><trkpt lat="46.278585" lon="6.863073"><ele>1913.2</ele></trkpt><trkpt lat="46.278741" lon="6.863247"><ele>1911.2</ele></trkpt><trkpt lat="46.278845" lon="6.863336"><ele>1910.6</ele></trkpt><trkpt lat="46.278946" lon="6.863473"><ele>1913.0</ele></trkpt><trkpt lat="46.279053" lon="6.863608"><ele>1915.4</ele></trkpt><trkpt lat="46.279134" lon="6.863686"><ele>1918.4</ele></trkpt><trkpt lat="46.279216" lon="6.863775"><ele>1921.8</ele></trkpt><trkpt lat="46.279274" lon="6.863829"><ele>1923.2</ele></trkpt><trkpt lat="46.279364" lon="6.863941"><ele>1925.2</ele></trkpt><trkpt lat="46.279411" lon="6.864000"><ele>1927.6</ele></trkpt><trkpt lat="46.279432" lon="6.864035"><ele>1929.6</ele></trkpt><trkpt lat="46.279472" lon="6.864019"><ele>1931.4</ele></trkpt><trkpt lat="46.279512" lon="6.864035"><ele>1933.4</ele></trkpt><trkpt lat="46.279517" lon="6.864151"><ele>1935.6</ele></trkpt><trkpt lat="46.279581" lon="6.864254"><ele>1938.2</ele></trkpt><trkpt lat="46.279617" lon="6.864306"><ele>1939.6</ele></trkpt><trkpt lat="46.279661" lon="6.864333"><ele>1942.2</ele></trkpt><trkpt lat="46.279697" lon="6.864334"><ele>1944.6</ele></trkpt><trkpt lat="46.279723" lon="6.864361"><ele>1946.6</ele></trkpt><trkpt lat="46.279761" lon="6.864353"><ele>1948.6</ele></trkpt><trkpt lat="46.279816" lon="6.864363"><ele>1950.6</ele></trkpt><trkpt lat="46.279836" lon="6.864382"><ele>1952.0</ele></trkpt><trkpt lat="46.279852" lon="6.864456"><ele>1955.4</ele></trkpt><trkpt lat="46.279844" lon="6.864503"><ele>1957.6</ele></trkpt><trkpt lat="46.279887" lon="6.864524"><ele>1959.2</ele></trkpt><trkpt lat="46.279893" lon="6.864590"><ele>1961.0</ele></trkpt><trkpt lat="46.279884" lon="6.864643"><ele>1962.8</ele></trkpt><trkpt lat="46.279884" lon="6.864647"><ele>1964.4</ele></trkpt><trkpt lat="46.279901" lon="6.864718"><ele>1966.8</ele></trkpt><trkpt lat="46.279936" lon="6.864743"><ele>1969.2</ele></trkpt><trkpt lat="46.280052" lon="6.864838"><ele>1970.6</ele></trkpt><trkpt lat="46.280177" lon="6.864871"><ele>1968.6</ele></trkpt><trkpt lat="46.280331" lon="6.864861"><ele>1968.4</ele></trkpt><trkpt lat="46.280385" lon="6.864846"><ele>1966.6</ele></trkpt><trkpt lat="46.280402" lon="6.864836"><ele>1964.4</ele></trkpt><trkpt lat="46.280461" lon="6.864847"><ele>1962.2</ele></trkpt><trkpt lat="46.280561" lon="6.864865"><ele>1961.6</ele></trkpt><trkpt lat="46.280694" lon="6.864874"><ele>1963.2</ele></trkpt><trkpt lat="46.280779" lon="6.864868"><ele>1960.8</ele></trkpt><trkpt lat="46.280851" lon="6.864899"><ele>1959.8</ele></trkpt><trkpt lat="46.281002" lon="6.864928"><ele>1958.6</ele></trkpt><trkpt lat="46.281195" lon="6.864948"><ele>1956.8</ele></trkpt><trkpt lat="46.281319" lon="6.864877"><ele>1956.0</ele></trkpt><trkpt lat="46.281458" lon="6.864889"><ele>1952.8</ele></trkpt><trkpt lat="46.281518" lon="6.864887"><ele>1949.8</ele></trkpt><trkpt lat="46.281554" lon="6.864869"><ele>1947.8</ele></trkpt><trkpt lat="46.281616" lon="6.864852"><ele>1945.4</ele></trkpt><trkpt lat="46.281689" lon="6.864843"><ele>1943.0</ele></trkpt><trkpt lat="46.281763" lon="6.864818"><ele>1940.6</ele></trkpt><trkpt lat="46.281807" lon="6.864785"><ele>1939.4</ele></trkpt><trkpt lat="46.281906" lon="6.864764"><ele>1938.6</ele></trkpt><trkpt lat="46.281938" lon="6.864769"><ele>1937.8</ele></trkpt><trkpt lat="46.281985" lon="6.864746"><ele>1937.4</ele></trkpt><trkpt lat="46.282060" lon="6.864741"><ele>1935.6</ele></trkpt><trkpt lat="46.282129" lon="6.864739"><ele>1934.6</ele></trkpt><trkpt lat="46.282191" lon="6.864722"><ele>1933.6</ele></trkpt><trkpt lat="46.282315" lon="6.864668"><ele>1931.6</ele></trkpt><trkpt lat="46.282436" lon="6.864644"><ele>1929.2</ele></trkpt><trkpt lat="46.282545" lon="6.864616"><ele>1927.4</ele></trkpt><trkpt lat="46.282610" lon="6.864555"><ele>1926.2</ele></trkpt><trkpt lat="46.282774" lon="6.864473"><ele>1923.0</ele></trkpt><trkpt lat="46.282911" lon="6.864425"><ele>1920.8</ele></trkpt><trkpt lat="46.283085" lon="6.864381"><ele>1919.4</ele></trkpt><trkpt lat="46.283124" lon="6.864355"><ele>1918.0</ele></trkpt><trkpt lat="46.283163" lon="6.864325"><ele>1915.8</ele></trkpt><trkpt lat="46.283169" lon="6.864321"><ele>1914.6</ele></trkpt><trkpt lat="46.283218" lon="6.864266"><ele>1912.4</ele></trkpt><trkpt lat="46.283261" lon="6.864201"><ele>1910.0</ele></trkpt><trkpt lat="46.283373" lon="6.864064"><ele>1908.2</ele></trkpt><trkpt lat="46.283481" lon="6.863998"><ele>1906.2</ele></trkpt><trkpt lat="46.283566" lon="6.863949"><ele>1904.8</ele></trkpt><trkpt lat="46.283588" lon="6.863927"><ele>1903.8</ele></trkpt><trkpt lat="46.283605" lon="6.864059"><ele>1902.6</ele></trkpt><trkpt lat="46.283636" lon="6.864228"><ele>1902.2</ele></trkpt><trkpt lat="46.283778" lon="6.864071"><ele>1901.4</ele></trkpt><trkpt lat="46.284109" lon="6.863790"><ele>1900.0</ele></trkpt><trkpt lat="46.284279" lon="6.863687"><ele>1898.0</ele></trkpt><trkpt lat="46.284440" lon="6.863544"><ele>1898.4</ele></trkpt><trkpt lat="46.284554" lon="6.863512"><ele>1900.2</ele></trkpt><trkpt lat="46.284718" lon="6.863580"><ele>1901.2</ele></trkpt><trkpt lat="46.284862" lon="6.863671"><ele>1902.4</ele></trkpt><trkpt lat="46.284960" lon="6.863724"><ele>1902.4</ele></trkpt><trkpt lat="46.285135" lon="6.863780"><ele>1903.0</ele></trkpt><trkpt lat="46.285373" lon="6.863726"><ele>1904.0</ele></trkpt><trkpt lat="46.285608" lon="6.863597"><ele>1905.4</ele></trkpt><trkpt lat="46.285716" lon="6.863539"><ele>1908.0</ele></trkpt><trkpt lat="46.285803" lon="6.863472"><ele>1910.4</ele></trkpt><trkpt lat="46.285892" lon="6.863410"><ele>1912.4</ele></trkpt><trkpt lat="46.285953" lon="6.863367"><ele>1914.8</ele></trkpt><trkpt lat="46.286017" lon="6.863327"><ele>1916.8</ele></trkpt><trkpt lat="46.286090" lon="6.863283"><ele>1919.0</ele></trkpt><trkpt lat="46.286165" lon="6.863242"><ele>1921.2</ele></trkpt><trkpt lat="46.286271" lon="6.863196"><ele>1923.4</ele></trkpt><trkpt lat="46.286357" lon="6.863153"><ele>1926.0</ele></trkpt><trkpt lat="46.286480" lon="6.863077"><ele>1928.2</ele></trkpt><trkpt lat="46.286594" lon="6.863005"><ele>1930.4</ele></trkpt><trkpt lat="46.286815" lon="6.862871"><ele>1933.6</ele></trkpt><trkpt lat="46.286923" lon="6.862812"><ele>1935.8</ele></trkpt><trkpt lat="46.287012" lon="6.862755"><ele>1938.0</ele></trkpt><trkpt lat="46.287186" lon="6.862665"><ele>1940.4</ele></trkpt><trkpt lat="46.287329" lon="6.862589"><ele>1942.6</ele></trkpt><trkpt lat="46.287440" lon="6.862513"><ele>1944.8</ele></trkpt><trkpt lat="46.287569" lon="6.862424"><ele>1947.2</ele></trkpt><trkpt lat="46.287806" lon="6.862290"><ele>1948.2</ele></trkpt><trkpt lat="46.287923" lon="6.862275"><ele>1949.4</ele></trkpt><trkpt lat="46.288060" lon="6.862265"><ele>1951.6</ele></trkpt><trkpt lat="46.288164" lon="6.862261"><ele>1953.8</ele></trkpt><trkpt lat="46.288251" lon="6.862225"><ele>1956.0</ele></trkpt><trkpt lat="46.288339" lon="6.862183"><ele>1958.6</ele></trkpt><trkpt lat="46.288422" lon="6.862145"><ele>1961.0</ele></trkpt><trkpt lat="46.288508" lon="6.862098"><ele>1963.2</ele></trkpt><trkpt lat="46.288602" lon="6.862070"><ele>1966.0</ele></trkpt><trkpt lat="46.288697" lon="6.862058"><ele>1968.2</ele></trkpt><trkpt lat="46.288807" lon="6.862061"><ele>1970.4</ele></trkpt><trkpt lat="46.288888" lon="6.862044"><ele>1972.8</ele></trkpt><trkpt lat="46.289007" lon="6.862027"><ele>1974.6</ele></trkpt><trkpt lat="46.289120" lon="6.862005"><ele>1977.2</ele></trkpt><trkpt lat="46.289209" lon="6.861969"><ele>1979.4</ele></trkpt><trkpt lat="46.289290" lon="6.861936"><ele>1981.6</ele></trkpt><trkpt lat="46.289420" lon="6.861891"><ele>1984.6</ele></trkpt><trkpt lat="46.289530" lon="6.861845"><ele>1987.0</ele></trkpt><trkpt lat="46.289610" lon="6.861711"><ele>1989.0</ele></trkpt><trkpt lat="46.289698" lon="6.861543"><ele>1991.6</ele></trkpt><trkpt lat="46.289872" lon="6.861481"><ele>1990.8</ele></trkpt><trkpt lat="46.289943" lon="6.861459"><ele>1989.2</ele></trkpt><trkpt lat="46.289960" lon="6.861260"><ele>1987.6</ele></trkpt><trkpt lat="46.289960" lon="6.861132"><ele>1985.8</ele></trkpt><trkpt lat="46.289928" lon="6.860989"><ele>1983.6</ele></trkpt><trkpt lat="46.289941" lon="6.860853"><ele>1980.8</ele></trkpt><trkpt lat="46.289999" lon="6.860708"><ele>1977.6</ele></trkpt><trkpt lat="46.290014" lon="6.860603"><ele>1974.6</ele></trkpt><trkpt lat="46.290026" lon="6.860507"><ele>1972.2</ele></trkpt><trkpt lat="46.290042" lon="6.860297"><ele>1968.0</ele></trkpt><trkpt lat="46.290056" lon="6.860121"><ele>1964.4</ele></trkpt><trkpt lat="46.290059" lon="6.859983"><ele>1960.0</ele></trkpt><trkpt lat="46.290088" lon="6.859857"><ele>1957.2</ele></trkpt><trkpt lat="46.290109" lon="6.859756"><ele>1953.6</ele></trkpt><trkpt lat="46.290130" lon="6.859670"><ele>1950.2</ele></trkpt><trkpt lat="46.290130" lon="6.859475"><ele>1946.4</ele></trkpt><trkpt lat="46.290162" lon="6.859392"><ele>1943.8</ele></trkpt><trkpt lat="46.290216" lon="6.859244"><ele>1940.8</ele></trkpt><trkpt lat="46.290249" lon="6.859231"><ele>1939.8</ele></trkpt><trkpt lat="46.290328" lon="6.859081"><ele>1938.6</ele></trkpt><trkpt lat="46.290436" lon="6.858867"><ele>1939.8</ele></trkpt><trkpt lat="46.290513" lon="6.858804"><ele>1939.8</ele></trkpt><trkpt lat="46.290609" lon="6.858731"><ele>1941.8</ele></trkpt><trkpt lat="46.290664" lon="6.858675"><ele>1943.0</ele></trkpt><trkpt lat="46.290730" lon="6.858603"><ele>1944.6</ele></trkpt><trkpt lat="46.290774" lon="6.858563"><ele>1945.6</ele></trkpt><trkpt lat="46.290830" lon="6.858418"><ele>1949.0</ele></trkpt><trkpt lat="46.290862" lon="6.858348"><ele>1950.2</ele></trkpt><trkpt lat="46.290917" lon="6.858220"><ele>1953.2</ele></trkpt><trkpt lat="46.290944" lon="6.858160"><ele>1955.0</ele></trkpt><trkpt lat="46.291023" lon="6.858096"><ele>1957.4</ele></trkpt><trkpt lat="46.291103" lon="6.858054"><ele>1958.8</ele></trkpt><trkpt lat="46.291182" lon="6.857997"><ele>1960.6</ele></trkpt><trkpt lat="46.291258" lon="6.857906"><ele>1963.4</ele></trkpt><trkpt lat="46.291312" lon="6.857783"><ele>1965.4</ele></trkpt><trkpt lat="46.291361" lon="6.857632"><ele>1967.6</ele></trkpt><trkpt lat="46.291426" lon="6.857286"><ele>1966.0</ele></trkpt><trkpt lat="46.291471" lon="6.857096"><ele>1962.8</ele></trkpt><trkpt lat="46.291501" lon="6.856970"><ele>1960.0</ele></trkpt><trkpt lat="46.291601" lon="6.856715"><ele>1956.4</ele></trkpt><trkpt lat="46.291689" lon="6.856537"><ele>1953.8</ele></trkpt><trkpt lat="46.291753" lon="6.856387"><ele>1952.2</ele></trkpt><trkpt lat="46.291843" lon="6.856120"><ele>1949.2</ele></trkpt><trkpt lat="46.291932" lon="6.855933"><ele>1947.0</ele></trkpt><trkpt lat="46.292142" lon="6.855501"><ele>1945.4</ele></trkpt><trkpt lat="46.292232" lon="6.855324"><ele>1943.0</ele></trkpt><trkpt lat="46.292334" lon="6.855095"><ele>1939.0</ele></trkpt><trkpt lat="46.292374" lon="6.855025"><ele>1937.6</ele></trkpt><trkpt lat="46.292480" lon="6.854713"><ele>1934.6</ele></trkpt><trkpt lat="46.292486" lon="6.854597"><ele>1932.0</ele></trkpt><trkpt lat="46.292490" lon="6.854515"><ele>1928.8</ele></trkpt><trkpt lat="46.292492" lon="6.854404"><ele>1926.6</ele></trkpt><trkpt lat="46.292467" lon="6.854333"><ele>1923.0</ele></trkpt><trkpt lat="46.292423" lon="6.854266"><ele>1920.6</ele></trkpt><trkpt lat="46.292343" lon="6.854251"><ele>1915.8</ele></trkpt><trkpt lat="46.292351" lon="6.854210"><ele>1912.8</ele></trkpt><trkpt lat="46.292371" lon="6.854153"><ele>1910.0</ele></trkpt><trkpt lat="46.292363" lon="6.854081"><ele>1906.4</ele></trkpt><trkpt lat="46.292336" lon="6.854022"><ele>1904.4</ele></trkpt><trkpt lat="46.292302" lon="6.853891"><ele>1900.6</ele></trkpt><trkpt lat="46.292282" lon="6.853838"><ele>1898.2</ele></trkpt><trkpt lat="46.292223" lon="6.853805"><ele>1897.4</ele></trkpt><trkpt lat="46.292216" lon="6.853758"><ele>1896.0</ele></trkpt><trkpt lat="46.292195" lon="6.853735"><ele>1893.6</ele></trkpt><trkpt lat="46.292116" lon="6.853686"><ele>1891.6</ele></trkpt><trkpt lat="46.292144" lon="6.853527"><ele>1887.6</ele></trkpt><trkpt lat="46.292076" lon="6.853183"><ele>1885.4</ele></trkpt><trkpt lat="46.292053" lon="6.852869"><ele>1883.2</ele></trkpt><trkpt lat="46.292068" lon="6.852618"><ele>1884.2</ele></trkpt><trkpt lat="46.292089" lon="6.852375"><ele>1886.0</ele></trkpt><trkpt lat="46.291944" lon="6.851998"><ele>1887.6</ele></trkpt><trkpt lat="46.291848" lon="6.851896"><ele>1888.0</ele></trkpt><trkpt lat="46.291739" lon="6.851789"><ele>1887.8</ele></trkpt><trkpt lat="46.291597" lon="6.851695"><ele>1888.2</ele></trkpt><trkpt lat="46.291424" lon="6.851599"><ele>1889.2</ele></trkpt><trkpt lat="46.291263" lon="6.851524"><ele>1890.6</ele></trkpt><trkpt lat="46.291126" lon="6.851459"><ele>1892.0</ele></trkpt><trkpt lat="46.290996" lon="6.851415"><ele>1894.2</ele></trkpt><trkpt lat="46.290841" lon="6.851372"><ele>1897.0</ele></trkpt><trkpt lat="46.290728" lon="6.851315"><ele>1899.0</ele></trkpt><trkpt lat="46.290601" lon="6.851232"><ele>1901.2</ele></trkpt><trkpt lat="46.290522" lon="6.851153"><ele>1902.6</ele></trkpt><trkpt lat="46.290418" lon="6.850975"><ele>1904.0</ele></trkpt><trkpt lat="46.290226" lon="6.850630"><ele>1902.2</ele></trkpt><trkpt lat="46.290201" lon="6.850484"><ele>1898.6</ele></trkpt><trkpt lat="46.290172" lon="6.850300"><ele>1895.6</ele></trkpt><trkpt lat="46.290147" lon="6.850061"><ele>1892.6</ele></trkpt><trkpt lat="46.290118" lon="6.849836"><ele>1889.4</ele></trkpt><trkpt lat="46.290129" lon="6.849532"><ele>1885.2</ele></trkpt><trkpt lat="46.290111" lon="6.849397"><ele>1884.0</ele></trkpt><trkpt lat="46.290076" lon="6.849319"><ele>1881.6</ele></trkpt><trkpt lat="46.290030" lon="6.849229"><ele>1880.6</ele></trkpt><trkpt lat="46.289959" lon="6.849018"><ele>1876.8</ele></trkpt><trkpt lat="46.289904" lon="6.848701"><ele>1873.0</ele></trkpt><trkpt lat="46.289900" lon="6.848547"><ele>1870.6</ele></trkpt><trkpt lat="46.289867" lon="6.848407"><ele>1867.8</ele></trkpt><trkpt lat="46.289827" lon="6.848190"><ele>1864.2</ele></trkpt><trkpt lat="46.289807" lon="6.848004"><ele>1862.0</ele></trkpt><trkpt lat="46.289804" lon="6.847830"><ele>1859.6</ele></trkpt><trkpt lat="46.289864" lon="6.847391"><ele>1858.2</ele></trkpt><trkpt lat="46.289928" lon="6.847182"><ele>1857.4</ele></trkpt><trkpt lat="46.290002" lon="6.847056"><ele>1855.4</ele></trkpt><trkpt lat="46.290057" lon="6.846958"><ele>1853.2</ele></trkpt><trkpt lat="46.290072" lon="6.846901"><ele>1850.6</ele></trkpt><trkpt lat="46.290099" lon="6.846850"><ele>1849.6</ele></trkpt><trkpt lat="46.290130" lon="6.846804"><ele>1847.4</ele></trkpt><trkpt lat="46.290164" lon="6.846776"><ele>1844.4</ele></trkpt><trkpt lat="46.290181" lon="6.846709"><ele>1842.6</ele></trkpt><trkpt lat="46.290196" lon="6.846692"><ele>1842.0</ele></trkpt><trkpt lat="46.290203" lon="6.846668"><ele>1840.6</ele></trkpt><trkpt lat="46.290246" lon="6.846647"><ele>1837.2</ele></trkpt><trkpt lat="46.290255" lon="6.846614"><ele>1834.6</ele></trkpt><trkpt lat="46.290333" lon="6.846559"><ele>1831.6</ele></trkpt><trkpt lat="46.290367" lon="6.846503"><ele>1829.4</ele></trkpt><trkpt lat="46.290455" lon="6.846362"><ele>1827.6</ele></trkpt><trkpt lat="46.290473" lon="6.846321"><ele>1826.0</ele></trkpt><trkpt lat="46.290507" lon="6.846283"><ele>1823.8</ele></trkpt><trkpt lat="46.290519" lon="6.846256"><ele>1822.8</ele></trkpt><trkpt lat="46.290530" lon="6.846231"><ele>1822.2</ele></trkpt><trkpt lat="46.290530" lon="6.846231"><ele>1821.6</ele></trkpt><trkpt lat="46.290545" lon="6.846214"><ele>1820.0</ele></trkpt><trkpt lat="46.290567" lon="6.846197"><ele>1818.2</ele></trkpt><trkpt lat="46.290531" lon="6.846102"><ele>1814.4</ele></trkpt><trkpt lat="46.290455" lon="6.845971"><ele>1813.0</ele></trkpt><trkpt lat="46.290546" lon="6.845871"><ele>1808.8</ele></trkpt><trkpt lat="46.290716" lon="6.845741"><ele>1804.2</ele></trkpt><trkpt lat="46.290850" lon="6.845674"><ele>1802.4</ele></trkpt><trkpt lat="46.290886" lon="6.845843"><ele>1799.4</ele></trkpt><trkpt lat="46.290877" lon="6.846046"><ele>1796.8</ele></trkpt><trkpt lat="46.290851" lon="6.846274"><ele>1793.4</ele></trkpt><trkpt lat="46.290814" lon="6.846522"><ele>1790.6</ele></trkpt><trkpt lat="46.290767" lon="6.846840"><ele>1788.4</ele></trkpt><trkpt lat="46.290770" lon="6.847156"><ele>1787.0</ele></trkpt><trkpt lat="46.290838" lon="6.847657"><ele>1783.6</ele></trkpt><trkpt lat="46.290931" lon="6.847832"><ele>1781.6</ele></trkpt><trkpt lat="46.290924" lon="6.847710"><ele>1781.0</ele></trkpt><trkpt lat="46.290944" lon="6.847496"><ele>1777.0</ele></trkpt><trkpt lat="46.290970" lon="6.847322"><ele>1774.4</ele></trkpt><trkpt lat="46.291015" lon="6.847115"><ele>1771.6</ele></trkpt><trkpt lat="46.291040" lon="6.846989"><ele>1769.0</ele></trkpt><trkpt lat="46.291086" lon="6.846990"><ele>1767.0</ele></trkpt><trkpt lat="46.291111" lon="6.847188"><ele>1765.0</ele></trkpt><trkpt lat="46.291176" lon="6.847343"><ele>1762.2</ele></trkpt><trkpt lat="46.291241" lon="6.847501"><ele>1759.4</ele></trkpt><trkpt lat="46.291339" lon="6.847670"><ele>1755.0</ele></trkpt><trkpt lat="46.291390" lon="6.847762"><ele>1751.8</ele></trkpt><trkpt lat="46.291457" lon="6.847935"><ele>1748.0</ele></trkpt><trkpt lat="46.291483" lon="6.848062"><ele>1745.0</ele></trkpt><trkpt lat="46.291510" lon="6.848197"><ele>1742.6</ele></trkpt><trkpt lat="46.291581" lon="6.848345"><ele>1738.6</ele></trkpt><trkpt lat="46.291637" lon="6.848436"><ele>1736.0</ele></trkpt><trkpt lat="46.291717" lon="6.848555"><ele>1732.4</ele></trkpt><trkpt lat="46.291862" lon="6.848723"><ele>1728.6</ele></trkpt><trkpt lat="46.291969" lon="6.848785"><ele>1725.0</ele></trkpt><trkpt lat="46.292096" lon="6.848873"><ele>1721.0</ele></trkpt><trkpt lat="46.292188" lon="6.848938"><ele>1718.2</ele></trkpt><trkpt lat="46.292263" lon="6.849000"><ele>1715.8</ele></trkpt><trkpt lat="46.292403" lon="6.849134"><ele>1711.6</ele></trkpt><trkpt lat="46.292557" lon="6.849252"><ele>1707.2</ele></trkpt><trkpt lat="46.292653" lon="6.849309"><ele>1704.2</ele></trkpt><trkpt lat="46.292553" lon="6.849129"><ele>1703.4</ele></trkpt><trkpt lat="46.292431" lon="6.848842"><ele>1701.8</ele></trkpt><trkpt lat="46.292432" lon="6.848731"><ele>1699.2</ele></trkpt><trkpt lat="46.292450" lon="6.848562"><ele>1696.0</ele></trkpt><trkpt lat="46.292469" lon="6.848451"><ele>1692.8</ele></trkpt><trkpt lat="46.292496" lon="6.848325"><ele>1689.8</ele></trkpt><trkpt lat="46.292541" lon="6.848106"><ele>1686.6</ele></trkpt><trkpt lat="46.292647" lon="6.847898"><ele>1682.2</ele></trkpt><trkpt lat="46.292730" lon="6.847874"><ele>1679.4</ele></trkpt><trkpt lat="46.292842" lon="6.847925"><ele>1675.6</ele></trkpt><trkpt lat="46.292978" lon="6.848062"><ele>1671.8</ele></trkpt><trkpt lat="46.293051" lon="6.848127"><ele>1669.2</ele></trkpt><trkpt lat="46.293191" lon="6.848243"><ele>1664.8</ele></trkpt><trkpt lat="46.293379" lon="6.848380"><ele>1660.8</ele></trkpt><trkpt lat="46.293562" lon="6.848538"><ele>1657.8</ele></trkpt><trkpt lat="46.293766" lon="6.848707"><ele>1655.6</ele></trkpt><trkpt lat="46.293907" lon="6.848836"><ele>1652.0</ele></trkpt><trkpt lat="46.294026" lon="6.848947"><ele>1648.0</ele></trkpt><trkpt lat="46.294170" lon="6.849067"><ele>1644.2</ele></trkpt><trkpt lat="46.294333" lon="6.849158"><ele>1640.6</ele></trkpt><trkpt lat="46.294552" lon="6.849165"><ele>1636.0</ele></trkpt><trkpt lat="46.294694" lon="6.849096"><ele>1632.8</ele></trkpt><trkpt lat="46.294743" lon="6.849001"><ele>1632.2</ele></trkpt><trkpt lat="46.294810" lon="6.848586"><ele>1629.2</ele></trkpt><trkpt lat="46.294987" lon="6.848418"><ele>1624.8</ele></trkpt><trkpt lat="46.295051" lon="6.848527"><ele>1622.4</ele></trkpt><trkpt lat="46.295012" lon="6.848647"><ele>1619.8</ele></trkpt><trkpt lat="46.295033" lon="6.848873"><ele>1615.2</ele></trkpt><trkpt lat="46.295110" lon="6.849007"><ele>1611.6</ele></trkpt><trkpt lat="46.295165" lon="6.849185"><ele>1609.0</ele></trkpt><trkpt lat="46.295220" lon="6.849423"><ele>1606.0</ele></trkpt><trkpt lat="46.295273" lon="6.849645"><ele>1602.6</ele></trkpt><trkpt lat="46.295373" lon="6.849803"><ele>1600.2</ele></trkpt><trkpt lat="46.295612" lon="6.850043"><ele>1598.0</ele></trkpt><trkpt lat="46.295800" lon="6.850231"><ele>1594.0</ele></trkpt><trkpt lat="46.295933" lon="6.850349"><ele>1591.4</ele></trkpt><trkpt lat="46.296066" lon="6.850463"><ele>1588.0</ele></trkpt><trkpt lat="46.296195" lon="6.850600"><ele>1583.4</ele></trkpt><trkpt lat="46.296327" lon="6.850732"><ele>1578.8</ele></trkpt><trkpt lat="46.296440" lon="6.850763"><ele>1575.8</ele></trkpt><trkpt lat="46.296539" lon="6.850749"><ele>1571.8</ele></trkpt><trkpt lat="46.296555" lon="6.850723"><ele>1569.4</ele></trkpt><trkpt lat="46.296352" lon="6.850508"><ele>1570.8</ele></trkpt><trkpt lat="46.296126" lon="6.850058"><ele>1570.6</ele></trkpt><trkpt lat="46.296022" lon="6.849528"><ele>1570.0</ele></trkpt><trkpt lat="46.296076" lon="6.849064"><ele>1570.0</ele></trkpt><trkpt lat="46.296170" lon="6.848866"><ele>1571.0</ele></trkpt><trkpt lat="46.296259" lon="6.848754"><ele>1572.6</ele></trkpt><trkpt lat="46.296407" lon="6.848543"><ele>1573.6</ele></trkpt><trkpt lat="46.296515" lon="6.848388"><ele>1575.8</ele></trkpt><trkpt lat="46.296605" lon="6.848246"><ele>1578.0</ele></trkpt><trkpt lat="46.296794" lon="6.848026"><ele>1580.4</ele></trkpt><trkpt lat="46.296917" lon="6.847919"><ele>1582.2</ele></trkpt><trkpt lat="46.297005" lon="6.847855"><ele>1583.8</ele></trkpt><trkpt lat="46.297088" lon="6.847760"><ele>1584.8</ele></trkpt><trkpt lat="46.297249" lon="6.847606"><ele>1586.6</ele></trkpt><trkpt lat="46.297409" lon="6.847444"><ele>1588.2</ele></trkpt><trkpt lat="46.297577" lon="6.847267"><ele>1590.4</ele></trkpt><trkpt lat="46.297688" lon="6.847088"><ele>1592.4</ele></trkpt><trkpt lat="46.297831" lon="6.846825"><ele>1595.0</ele></trkpt><trkpt lat="46.298029" lon="6.846623"><ele>1597.2</ele></trkpt><trkpt lat="46.298108" lon="6.846377"><ele>1598.2</ele></trkpt><trkpt lat="46.298246" lon="6.845958"><ele>1599.0</ele></trkpt><trkpt lat="46.298290" lon="6.845495"><ele>1600.2</ele></trkpt><trkpt lat="46.298381" lon="6.845135"><ele>1601.4</ele></trkpt><trkpt lat="46.298488" lon="6.844995"><ele>1602.4</ele></trkpt><trkpt lat="46.298676" lon="6.844731"><ele>1603.6</ele></trkpt><trkpt lat="46.298773" lon="6.844448"><ele>1605.6</ele></trkpt><trkpt lat="46.298881" lon="6.844050"><ele>1607.2</ele></trkpt><trkpt lat="46.298957" lon="6.843826"><ele>1609.0</ele></trkpt><trkpt lat="46.299173" lon="6.843522"><ele>1611.0</ele></trkpt><trkpt lat="46.299517" lon="6.843528"><ele>1611.4</ele></trkpt><trkpt lat="46.299718" lon="6.843702"><ele>1612.4</ele></trkpt><trkpt lat="46.299942" lon="6.843898"><ele>1613.0</ele></trkpt><trkpt lat="46.300185" lon="6.843878"><ele>1613.4</ele></trkpt><trkpt lat="46.300350" lon="6.843813"><ele>1613.2</ele></trkpt><trkpt lat="46.300525" lon="6.843786"><ele>1611.8</ele></trkpt><trkpt lat="46.300778" lon="6.843966"><ele>1608.8</ele></trkpt><trkpt lat="46.301072" lon="6.844212"><ele>1606.6</ele></trkpt><trkpt lat="46.301257" lon="6.844286"><ele>1604.0</ele></trkpt><trkpt lat="46.301405" lon="6.844554"><ele>1599.2</ele></trkpt><trkpt lat="46.301443" lon="6.844800"><ele>1596.0</ele></trkpt><trkpt lat="46.301518" lon="6.845066"><ele>1592.0</ele></trkpt><trkpt lat="46.301581" lon="6.845298"><ele>1587.8</ele></trkpt><trkpt lat="46.301602" lon="6.845475"><ele>1585.4</ele></trkpt><trkpt lat="46.301598" lon="6.845620"><ele>1582.0</ele></trkpt><trkpt lat="46.301614" lon="6.845704"><ele>1578.6</ele></trkpt><trkpt lat="46.301719" lon="6.845761"><ele>1576.0</ele></trkpt><trkpt lat="46.301830" lon="6.845849"><ele>1572.0</ele></trkpt><trkpt lat="46.301875" lon="6.845920"><ele>1570.0</ele></trkpt><trkpt lat="46.301886" lon="6.846010"><ele>1567.6</ele></trkpt><trkpt lat="46.301941" lon="6.846074"><ele>1566.0</ele></trkpt><trkpt lat="46.302036" lon="6.846105"><ele>1562.6</ele></trkpt><trkpt lat="46.302106" lon="6.846054"><ele>1560.2</ele></trkpt><trkpt lat="46.302201" lon="6.846034"><ele>1557.0</ele></trkpt><trkpt lat="46.302294" lon="6.846042"><ele>1554.6</ele></trkpt><trkpt lat="46.302382" lon="6.846031"><ele>1551.2</ele></trkpt><trkpt lat="46.302460" lon="6.846010"><ele>1548.6</ele></trkpt><trkpt lat="46.302623" lon="6.845913"><ele>1545.4</ele></trkpt><trkpt lat="46.302702" lon="6.845874"><ele>1544.4</ele></trkpt><trkpt lat="46.302899" lon="6.845642"><ele>1542.0</ele></trkpt><trkpt lat="46.303056" lon="6.845315"><ele>1538.4</ele></trkpt><trkpt lat="46.303230" lon="6.844864"><ele>1537.6</ele></trkpt><trkpt lat="46.303337" lon="6.844624"><ele>1535.8</ele></trkpt><trkpt lat="46.303322" lon="6.844193"><ele>1535.0</ele></trkpt><trkpt lat="46.303278" lon="6.843954"><ele>1536.8</ele></trkpt><trkpt lat="46.303271" lon="6.843712"><ele>1537.4</ele></trkpt><trkpt lat="46.303255" lon="6.843546"><ele>1539.6</ele></trkpt><trkpt lat="46.303199" lon="6.843228"><ele>1539.4</ele></trkpt><trkpt lat="46.303172" lon="6.842786"><ele>1540.4</ele></trkpt><trkpt lat="46.303194" lon="6.842387"><ele>1539.4</ele></trkpt><trkpt lat="46.303226" lon="6.842121"><ele>1540.8</ele></trkpt><trkpt lat="46.303304" lon="6.841583"><ele>1541.0</ele></trkpt><trkpt lat="46.303307" lon="6.841260"><ele>1542.4</ele></trkpt><trkpt lat="46.303349" lon="6.840838"><ele>1541.0</ele></trkpt><trkpt lat="46.303433" lon="6.840579"><ele>1540.8</ele></trkpt><trkpt lat="46.303431" lon="6.840283"><ele>1541.2</ele></trkpt><trkpt lat="46.303559" lon="6.839840"><ele>1540.8</ele></trkpt><trkpt lat="46.303583" lon="6.839696"><ele>1541.8</ele></trkpt><trkpt lat="46.303674" lon="6.839417"><ele>1543.6</ele></trkpt><trkpt lat="46.303693" lon="6.839221"><ele>1544.4</ele></trkpt><trkpt lat="46.303688" lon="6.839020"><ele>1545.8</ele></trkpt><trkpt lat="46.303685" lon="6.838866"><ele>1546.2</ele></trkpt><trkpt lat="46.303796" lon="6.838470"><ele>1546.6</ele></trkpt><trkpt lat="46.303970" lon="6.838091"><ele>1546.6</ele></trkpt><trkpt lat="46.304027" lon="6.837851"><ele>1549.6</ele></trkpt><trkpt lat="46.304069" lon="6.837642"><ele>1551.8</ele></trkpt><trkpt lat="46.304076" lon="6.837531"><ele>1553.4</ele></trkpt><trkpt lat="46.304180" lon="6.837381"><ele>1555.0</ele></trkpt><trkpt lat="46.304292" lon="6.837426"><ele>1556.6</ele></trkpt><trkpt lat="46.304400" lon="6.837474"><ele>1558.8</ele></trkpt><trkpt lat="46.304492" lon="6.837451"><ele>1560.2</ele></trkpt><trkpt lat="46.304590" lon="6.837331"><ele>1562.2</ele></trkpt><trkpt lat="46.304645" lon="6.837189"><ele>1564.4</ele></trkpt><trkpt lat="46.304697" lon="6.837039"><ele>1565.8</ele></trkpt><trkpt lat="46.304792" lon="6.837091"><ele>1565.6</ele></trkpt><trkpt lat="46.304922" lon="6.837104"><ele>1565.0</ele></trkpt><trkpt lat="46.305066" lon="6.837241"><ele>1565.8</ele></trkpt><trkpt lat="46.305181" lon="6.837361"><ele>1566.4</ele></trkpt><trkpt lat="46.305341" lon="6.837591"><ele>1567.6</ele></trkpt><trkpt lat="46.305519" lon="6.837934"><ele>1566.0</ele></trkpt><trkpt lat="46.305646" lon="6.838017"><ele>1565.4</ele></trkpt><trkpt lat="46.305692" lon="6.838011"><ele>1566.8</ele></trkpt><trkpt lat="46.305668" lon="6.837905"><ele>1568.6</ele></trkpt><trkpt lat="46.305613" lon="6.837766"><ele>1570.4</ele></trkpt><trkpt lat="46.305598" lon="6.837637"><ele>1572.4</ele></trkpt><trkpt lat="46.305571" lon="6.837537"><ele>1573.8</ele></trkpt><trkpt lat="46.305522" lon="6.837424"><ele>1575.8</ele></trkpt><trkpt lat="46.305478" lon="6.837298"><ele>1578.6</ele></trkpt><trkpt lat="46.305451" lon="6.837174"><ele>1580.8</ele></trkpt><trkpt lat="46.305431" lon="6.837096"><ele>1582.0</ele></trkpt><trkpt lat="46.305435" lon="6.836934"><ele>1585.4</ele></trkpt><trkpt lat="46.305525" lon="6.836870"><ele>1587.6</ele></trkpt><trkpt lat="46.305477" lon="6.836746"><ele>1589.6</ele></trkpt><trkpt lat="46.305407" lon="6.836646"><ele>1590.6</ele></trkpt><trkpt lat="46.305350" lon="6.836474"><ele>1591.8</ele></trkpt><trkpt lat="46.305251" lon="6.836136"><ele>1594.2</ele></trkpt><trkpt lat="46.305246" lon="6.836003"><ele>1595.6</ele></trkpt><trkpt lat="46.305241" lon="6.835864"><ele>1597.0</ele></trkpt><trkpt lat="46.305245" lon="6.835727"><ele>1598.6</ele></trkpt><trkpt lat="46.305227" lon="6.835652"><ele>1599.6</ele></trkpt><trkpt lat="46.305224" lon="6.835526"><ele>1601.8</ele></trkpt><trkpt lat="46.305198" lon="6.835424"><ele>1604.2</ele></trkpt><trkpt lat="46.305137" lon="6.835335"><ele>1606.4</ele></trkpt><trkpt lat="46.305090" lon="6.835237"><ele>1608.4</ele></trkpt><trkpt lat="46.305062" lon="6.835103"><ele>1610.8</ele></trkpt><trkpt lat="46.305038" lon="6.835019"><ele>1612.0</ele></trkpt><trkpt lat="46.305042" lon="6.834870"><ele>1614.2</ele></trkpt><trkpt lat="46.305101" lon="6.834819"><ele>1615.6</ele></trkpt><trkpt lat="46.305168" lon="6.834824"><ele>1616.8</ele></trkpt><trkpt lat="46.305298" lon="6.834914"><ele>1617.8</ele></trkpt><trkpt lat="46.305448" lon="6.834963"><ele>1619.2</ele></trkpt><trkpt lat="46.305525" lon="6.834978"><ele>1620.0</ele></trkpt><trkpt lat="46.305624" lon="6.835021"><ele>1622.2</ele></trkpt><trkpt lat="46.305709" lon="6.835068"><ele>1624.2</ele></trkpt><trkpt lat="46.305815" lon="6.835110"><ele>1626.4</ele></trkpt><trkpt lat="46.305927" lon="6.835206"><ele>1628.8</ele></trkpt><trkpt lat="46.306005" lon="6.835331"><ele>1631.0</ele></trkpt><trkpt lat="46.306100" lon="6.835460"><ele>1633.8</ele></trkpt><trkpt lat="46.306158" lon="6.835536"><ele>1635.6</ele></trkpt><trkpt lat="46.306216" lon="6.835587"><ele>1637.0</ele></trkpt><trkpt lat="46.306303" lon="6.835726"><ele>1639.4</ele></trkpt><trkpt lat="46.306431" lon="6.835816"><ele>1641.0</ele></trkpt><trkpt lat="46.306499" lon="6.835745"><ele>1643.2</ele></trkpt><trkpt lat="46.306568" lon="6.835676"><ele>1645.0</ele></trkpt><trkpt lat="46.306635" lon="6.835602"><ele>1647.6</ele></trkpt><trkpt lat="46.306682" lon="6.835563"><ele>1650.0</ele></trkpt><trkpt lat="46.306728" lon="6.835500"><ele>1652.0</ele></trkpt><trkpt lat="46.306777" lon="6.835433"><ele>1654.6</ele></trkpt><trkpt lat="46.306830" lon="6.835370"><ele>1656.8</ele></trkpt><trkpt lat="46.306873" lon="6.835304"><ele>1659.0</ele></trkpt><trkpt lat="46.306943" lon="6.835259"><ele>1661.4</ele></trkpt><trkpt lat="46.307012" lon="6.835239"><ele>1663.8</ele></trkpt><trkpt lat="46.307091" lon="6.835230"><ele>1666.0</ele></trkpt><trkpt lat="46.307182" lon="6.835220"><ele>1668.2</ele></trkpt><trkpt lat="46.307251" lon="6.835214"><ele>1670.4</ele></trkpt><trkpt lat="46.307317" lon="6.835227"><ele>1672.8</ele></trkpt><trkpt lat="46.307407" lon="6.835286"><ele>1676.2</ele></trkpt><trkpt lat="46.307475" lon="6.835309"><ele>1678.4</ele></trkpt><trkpt lat="46.307556" lon="6.835356"><ele>1681.0</ele></trkpt><trkpt lat="46.307603" lon="6.835379"><ele>1683.6</ele></trkpt><trkpt lat="46.307673" lon="6.835420"><ele>1686.0</ele></trkpt><trkpt lat="46.307726" lon="6.835421"><ele>1688.0</ele></trkpt><trkpt lat="46.307730" lon="6.835346"><ele>1689.8</ele></trkpt><trkpt lat="46.307723" lon="6.835266"><ele>1692.0</ele></trkpt><trkpt lat="46.307734" lon="6.835151"><ele>1694.6</ele></trkpt><trkpt lat="46.307744" lon="6.835090"><ele>1696.4</ele></trkpt><trkpt lat="46.307734" lon="6.835007"><ele>1699.0</ele></trkpt><trkpt lat="46.307728" lon="6.834913"><ele>1701.4</ele></trkpt><trkpt lat="46.307745" lon="6.834844"><ele>1703.6</ele></trkpt><trkpt lat="46.307751" lon="6.834772"><ele>1705.8</ele></trkpt><trkpt lat="46.307756" lon="6.834714"><ele>1708.0</ele></trkpt><trkpt lat="46.307757" lon="6.834631"><ele>1710.4</ele></trkpt><trkpt lat="46.307766" lon="6.834559"><ele>1712.8</ele></trkpt><trkpt lat="46.307765" lon="6.834510"><ele>1714.0</ele></trkpt><trkpt lat="46.307778" lon="6.834447"><ele>1716.0</ele></trkpt><trkpt lat="46.307790" lon="6.834361"><ele>1718.6</ele></trkpt><trkpt lat="46.307846" lon="6.834277"><ele>1721.0</ele></trkpt><trkpt lat="46.307820" lon="6.834167"><ele>1722.6</ele></trkpt><trkpt lat="46.307788" lon="6.833860"><ele>1723.2</ele></trkpt><trkpt lat="46.307779" lon="6.833588"><ele>1722.2</ele></trkpt><trkpt lat="46.307776" lon="6.833395"><ele>1721.0</ele></trkpt><trkpt lat="46.307788" lon="6.833090"><ele>1719.0</ele></trkpt><trkpt lat="46.307806" lon="6.832900"><ele>1716.6</ele></trkpt><trkpt lat="46.307780" lon="6.832650"><ele>1712.6</ele></trkpt><trkpt lat="46.307780" lon="6.832457"><ele>1710.4</ele></trkpt><trkpt lat="46.307793" lon="6.832264"><ele>1707.8</ele></trkpt><trkpt lat="46.307830" lon="6.832014"><ele>1705.0</ele></trkpt><trkpt lat="46.307895" lon="6.831805"><ele>1702.0</ele></trkpt><trkpt lat="46.307917" lon="6.831619"><ele>1699.8</ele></trkpt><trkpt lat="46.308011" lon="6.831370"><ele>1695.8</ele></trkpt><trkpt lat="46.308153" lon="6.831224"><ele>1692.2</ele></trkpt><trkpt lat="46.308347" lon="6.831073"><ele>1688.2</ele></trkpt><trkpt lat="46.308545" lon="6.830981"><ele>1688.6</ele></trkpt><trkpt lat="46.308741" lon="6.831024"><ele>1690.0</ele></trkpt><trkpt lat="46.309097" lon="6.830942"><ele>1690.4</ele></trkpt><trkpt lat="46.309335" lon="6.830735"><ele>1688.0</ele></trkpt><trkpt lat="46.309629" lon="6.830411"><ele>1686.2</ele></trkpt><trkpt lat="46.309736" lon="6.830402"><ele>1684.8</ele></trkpt><trkpt lat="46.309945" lon="6.830594"><ele>1686.4</ele></trkpt><trkpt lat="46.310067" lon="6.830691"><ele>1687.2</ele></trkpt><trkpt lat="46.310172" lon="6.830825"><ele>1689.0</ele></trkpt><trkpt lat="46.310279" lon="6.830949"><ele>1690.6</ele></trkpt><trkpt lat="46.310450" lon="6.831035"><ele>1692.4</ele></trkpt><trkpt lat="46.310649" lon="6.831191"><ele>1693.8</ele></trkpt><trkpt lat="46.310742" lon="6.831284"><ele>1694.6</ele></trkpt><trkpt lat="46.310655" lon="6.831307"><ele>1692.8</ele></trkpt><trkpt lat="46.310508" lon="6.831247"><ele>1689.4</ele></trkpt><trkpt lat="46.310378" lon="6.831242"><ele>1687.4</ele></trkpt><trkpt lat="46.310174" lon="6.831223"><ele>1683.6</ele></trkpt><trkpt lat="46.310032" lon="6.831104"><ele>1681.0</ele></trkpt><trkpt lat="46.309996" lon="6.831178"><ele>1679.6</ele></trkpt><trkpt lat="46.310024" lon="6.831407"><ele>1675.6</ele></trkpt><trkpt lat="46.310052" lon="6.831536"><ele>1673.0</ele></trkpt><trkpt lat="46.310107" lon="6.831720"><ele>1670.6</ele></trkpt><trkpt lat="46.310193" lon="6.831894"><ele>1667.0</ele></trkpt><trkpt lat="46.310341" lon="6.832063"><ele>1663.2</ele></trkpt><trkpt lat="46.310410" lon="6.832209"><ele>1660.0</ele></trkpt><trkpt lat="46.310506" lon="6.832477"><ele>1656.6</ele></trkpt><trkpt lat="46.310580" lon="6.832630"><ele>1653.8</ele></trkpt><trkpt lat="46.310677" lon="6.832754"><ele>1651.4</ele></trkpt><trkpt lat="46.310837" lon="6.832890"><ele>1648.8</ele></trkpt><trkpt lat="46.310983" lon="6.832971"><ele>1646.2</ele></trkpt><trkpt lat="46.311119" lon="6.832991"><ele>1643.6</ele></trkpt><trkpt lat="46.311298" lon="6.832964"><ele>1641.2</ele></trkpt><trkpt lat="46.311439" lon="6.832948"><ele>1638.6</ele></trkpt><trkpt lat="46.311566" lon="6.832915"><ele>1636.8</ele></trkpt><trkpt lat="46.311755" lon="6.832840"><ele>1634.4</ele></trkpt><trkpt lat="46.311964" lon="6.832868"><ele>1632.6</ele></trkpt><trkpt lat="46.312204" lon="6.832913"><ele>1630.2</ele></trkpt><trkpt lat="46.312444" lon="6.832837"><ele>1627.8</ele></trkpt><trkpt lat="46.312664" lon="6.832918"><ele>1625.0</ele></trkpt><trkpt lat="46.312853" lon="6.833127"><ele>1622.0</ele></trkpt><trkpt lat="46.312956" lon="6.833245"><ele>1619.6</ele></trkpt><trkpt lat="46.313059" lon="6.833337"><ele>1617.2</ele></trkpt><trkpt lat="46.313225" lon="6.833479"><ele>1615.8</ele></trkpt><trkpt lat="46.313311" lon="6.833474"><ele>1617.2</ele></trkpt><trkpt lat="46.313442" lon="6.833539"><ele>1618.8</ele></trkpt><trkpt lat="46.313518" lon="6.833580"><ele>1620.4</ele></trkpt><trkpt lat="46.313583" lon="6.833641"><ele>1621.6</ele></trkpt><trkpt lat="46.313669" lon="6.833792"><ele>1623.4</ele></trkpt><trkpt lat="46.313862" lon="6.833755"><ele>1623.0</ele></trkpt><trkpt lat="46.314182" lon="6.833583"><ele>1620.6</ele></trkpt><trkpt lat="46.314499" lon="6.833567"><ele>1620.6</ele></trkpt><trkpt lat="46.314753" lon="6.833301"><ele>1619.8</ele></trkpt><trkpt lat="46.314940" lon="6.833389"><ele>1620.0</ele></trkpt><trkpt lat="46.315007" lon="6.833719"><ele>1615.4</ele></trkpt><trkpt lat="46.315125" lon="6.834074"><ele>1614.0</ele></trkpt><trkpt lat="46.315319" lon="6.834121"><ele>1613.2</ele></trkpt><trkpt lat="46.315574" lon="6.834031"><ele>1611.8</ele></trkpt><trkpt lat="46.315761" lon="6.833956"><ele>1609.0</ele></trkpt><trkpt lat="46.315914" lon="6.833884"><ele>1606.0</ele></trkpt><trkpt lat="46.316131" lon="6.834051"><ele>1604.2</ele></trkpt><trkpt lat="46.316212" lon="6.834348"><ele>1603.4</ele></trkpt><trkpt lat="46.316316" lon="6.834360"><ele>1602.0</ele></trkpt><trkpt lat="46.316651" lon="6.834521"><ele>1600.0</ele></trkpt><trkpt lat="46.316794" lon="6.834733"><ele>1599.8</ele></trkpt><trkpt lat="46.316863" lon="6.835246"><ele>1598.6</ele></trkpt><trkpt lat="46.316780" lon="6.835509"><ele>1596.2</ele></trkpt><trkpt lat="46.316678" lon="6.835703"><ele>1592.8</ele></trkpt><trkpt lat="46.316599" lon="6.835859"><ele>1589.4</ele></trkpt><trkpt lat="46.316503" lon="6.836036"><ele>1585.6</ele></trkpt><trkpt lat="46.316436" lon="6.836174"><ele>1582.8</ele></trkpt><trkpt lat="46.316376" lon="6.836349"><ele>1578.8</ele></trkpt><trkpt lat="46.316324" lon="6.836489"><ele>1576.0</ele></trkpt><trkpt lat="46.316271" lon="6.836701"><ele>1571.8</ele></trkpt><trkpt lat="46.316247" lon="6.836909"><ele>1568.8</ele></trkpt><trkpt lat="46.316220" lon="6.837164"><ele>1564.8</ele></trkpt><trkpt lat="46.316187" lon="6.837428"><ele>1560.0</ele></trkpt><trkpt lat="46.316166" lon="6.837548"><ele>1557.4</ele></trkpt><trkpt lat="46.316121" lon="6.837766"><ele>1553.4</ele></trkpt><trkpt lat="46.315968" lon="6.837845"><ele>1549.8</ele></trkpt><trkpt lat="46.315985" lon="6.837985"><ele>1547.6</ele></trkpt><trkpt lat="46.316046" lon="6.838183"><ele>1544.0</ele></trkpt><trkpt lat="46.316059" lon="6.838389"><ele>1540.0</ele></trkpt><trkpt lat="46.316074" lon="6.838596"><ele>1536.4</ele></trkpt><trkpt lat="46.316030" lon="6.838809"><ele>1532.8</ele></trkpt><trkpt lat="46.315931" lon="6.838983"><ele>1528.8</ele></trkpt><trkpt lat="46.315778" lon="6.839046"><ele>1526.2</ele></trkpt><trkpt lat="46.315469" lon="6.839098"><ele>1523.8</ele></trkpt><trkpt lat="46.315281" lon="6.839180"><ele>1521.4</ele></trkpt><trkpt lat="46.315129" lon="6.839325"><ele>1519.2</ele></trkpt><trkpt lat="46.314939" lon="6.839546"><ele>1517.0</ele></trkpt><trkpt lat="46.314777" lon="6.839694"><ele>1514.4</ele></trkpt><trkpt lat="46.314646" lon="6.839823"><ele>1513.0</ele></trkpt><trkpt lat="46.314673" lon="6.839928"><ele>1510.6</ele></trkpt><trkpt lat="46.314744" lon="6.840124"><ele>1507.0</ele></trkpt><trkpt lat="46.314775" lon="6.840220"><ele>1504.4</ele></trkpt><trkpt lat="46.314740" lon="6.840409"><ele>1501.4</ele></trkpt><trkpt lat="46.314727" lon="6.840588"><ele>1498.8</ele></trkpt><trkpt lat="46.314816" lon="6.840669"><ele>1496.4</ele></trkpt><trkpt lat="46.314941" lon="6.840763"><ele>1493.4</ele></trkpt><trkpt lat="46.315070" lon="6.840858"><ele>1490.8</ele></trkpt><trkpt lat="46.315235" lon="6.840904"><ele>1487.0</ele></trkpt><trkpt lat="46.315437" lon="6.841071"><ele>1488.2</ele></trkpt><trkpt lat="46.315695" lon="6.841078"><ele>1486.6</ele></trkpt><trkpt lat="46.315903" lon="6.841237"><ele>1484.2</ele></trkpt><trkpt lat="46.316006" lon="6.841485"><ele>1482.2</ele></trkpt><trkpt lat="46.316124" lon="6.841953"><ele>1480.2</ele></trkpt><trkpt lat="46.316194" lon="6.842217"><ele>1478.6</ele></trkpt><trkpt lat="46.316254" lon="6.842456"><ele>1476.2</ele></trkpt><trkpt lat="46.316304" lon="6.842556"><ele>1473.8</ele></trkpt><trkpt lat="46.316394" lon="6.842701"><ele>1470.6</ele></trkpt><trkpt lat="46.316450" lon="6.842761"><ele>1468.4</ele></trkpt><trkpt lat="46.316481" lon="6.842809"><ele>1466.2</ele></trkpt><trkpt lat="46.316529" lon="6.842888"><ele>1464.2</ele></trkpt><trkpt lat="46.316596" lon="6.842930"><ele>1462.2</ele></trkpt><trkpt lat="46.316602" lon="6.842946"><ele>1461.0</ele></trkpt><trkpt lat="46.316645" lon="6.842950"><ele>1459.2</ele></trkpt><trkpt lat="46.316677" lon="6.842977"><ele>1457.6</ele></trkpt><trkpt lat="46.316713" lon="6.843016"><ele>1456.2</ele></trkpt><trkpt lat="46.316780" lon="6.843061"><ele>1452.6</ele></trkpt><trkpt lat="46.316836" lon="6.843149"><ele>1450.2</ele></trkpt><trkpt lat="46.316904" lon="6.843214"><ele>1446.8</ele></trkpt><trkpt lat="46.316969" lon="6.843265"><ele>1445.6</ele></trkpt><trkpt lat="46.317019" lon="6.843301"><ele>1444.4</ele></trkpt><trkpt lat="46.317083" lon="6.843408"><ele>1440.8</ele></trkpt><trkpt lat="46.317172" lon="6.843444"><ele>1439.2</ele></trkpt><trkpt lat="46.317212" lon="6.843465"><ele>1439.2</ele></trkpt><trkpt lat="46.317254" lon="6.843529"><ele>1438.4</ele></trkpt><trkpt lat="46.317271" lon="6.843566"><ele>1437.2</ele></trkpt><trkpt lat="46.317288" lon="6.843562"><ele>1435.8</ele></trkpt><trkpt lat="46.317300" lon="6.843574"><ele>1435.0</ele></trkpt><trkpt lat="46.317328" lon="6.843577"><ele>1434.0</ele></trkpt><trkpt lat="46.317353" lon="6.843570"><ele>1432.8</ele></trkpt><trkpt lat="46.317390" lon="6.843585"><ele>1430.8</ele></trkpt><trkpt lat="46.317573" lon="6.843705"><ele>1429.0</ele></trkpt><trkpt lat="46.317627" lon="6.843763"><ele>1428.2</ele></trkpt><trkpt lat="46.317669" lon="6.843797"><ele>1427.0</ele></trkpt><trkpt lat="46.317728" lon="6.843832"><ele>1426.0</ele></trkpt><trkpt lat="46.317839" lon="6.843889"><ele>1423.4</ele></trkpt><trkpt lat="46.317958" lon="6.843979"><ele>1420.6</ele></trkpt><trkpt lat="46.318028" lon="6.844007"><ele>1419.2</ele></trkpt><trkpt lat="46.318150" lon="6.844149"><ele>1416.4</ele></trkpt><trkpt lat="46.318227" lon="6.844162"><ele>1416.8</ele></trkpt><trkpt lat="46.318289" lon="6.844143"><ele>1418.2</ele></trkpt><trkpt lat="46.318348" lon="6.844165"><ele>1417.0</ele></trkpt><trkpt lat="46.318349" lon="6.844190"><ele>1416.8</ele></trkpt><trkpt lat="46.318382" lon="6.844281"><ele>1415.0</ele></trkpt><trkpt lat="46.318377" lon="6.844366"><ele>1413.2</ele></trkpt><trkpt lat="46.318400" lon="6.844385"><ele>1411.6</ele></trkpt><trkpt lat="46.318394" lon="6.844417"><ele>1409.4</ele></trkpt><trkpt lat="46.318443" lon="6.844470"><ele>1406.0</ele></trkpt><trkpt lat="46.318450" lon="6.844520"><ele>1404.2</ele></trkpt><trkpt lat="46.318489" lon="6.844619"><ele>1401.0</ele></trkpt><trkpt lat="46.318532" lon="6.844685"><ele>1399.6</ele></trkpt><trkpt lat="46.318630" lon="6.844713"><ele>1400.6</ele></trkpt><trkpt lat="46.318750" lon="6.844809"><ele>1403.4</ele></trkpt><trkpt lat="46.318853" lon="6.844871"><ele>1405.2</ele></trkpt><trkpt lat="46.318927" lon="6.844980"><ele>1406.8</ele></trkpt><trkpt lat="46.318988" lon="6.845039"><ele>1408.2</ele></trkpt><trkpt lat="46.319045" lon="6.845152"><ele>1410.0</ele></trkpt><trkpt lat="46.319097" lon="6.845236"><ele>1411.4</ele></trkpt><trkpt lat="46.319134" lon="6.845305"><ele>1412.6</ele></trkpt><trkpt lat="46.319175" lon="6.845365"><ele>1413.8</ele></trkpt><trkpt lat="46.319235" lon="6.845451"><ele>1414.8</ele></trkpt><trkpt lat="46.319288" lon="6.845497"><ele>1415.8</ele></trkpt><trkpt lat="46.319331" lon="6.845557"><ele>1417.0</ele></trkpt><trkpt lat="46.319408" lon="6.845680"><ele>1419.0</ele></trkpt><trkpt lat="46.319451" lon="6.845749"><ele>1420.6</ele></trkpt><trkpt lat="46.319550" lon="6.845857"><ele>1422.6</ele></trkpt><trkpt lat="46.319627" lon="6.845916"><ele>1424.0</ele></trkpt><trkpt lat="46.319641" lon="6.845941"><ele>1425.2</ele></trkpt><trkpt lat="46.319707" lon="6.846140"><ele>1427.4</ele></trkpt><trkpt lat="46.319728" lon="6.846251"><ele>1428.4</ele></trkpt><trkpt lat="46.319728" lon="6.846313"><ele>1429.8</ele></trkpt><trkpt lat="46.319735" lon="6.846383"><ele>1431.0</ele></trkpt><trkpt lat="46.319759" lon="6.846512"><ele>1433.0</ele></trkpt><trkpt lat="46.319767" lon="6.846592"><ele>1434.0</ele></trkpt><trkpt lat="46.319779" lon="6.846620"><ele>1434.8</ele></trkpt><trkpt lat="46.319817" lon="6.846683"><ele>1436.4</ele></trkpt><trkpt lat="46.319891" lon="6.846724"><ele>1437.8</ele></trkpt><trkpt lat="46.319966" lon="6.846712"><ele>1438.8</ele></trkpt><trkpt lat="46.320011" lon="6.846750"><ele>1440.0</ele></trkpt><trkpt lat="46.320074" lon="6.846816"><ele>1441.0</ele></trkpt><trkpt lat="46.320123" lon="6.846790"><ele>1442.2</ele></trkpt><trkpt lat="46.320227" lon="6.846754"><ele>1443.6</ele></trkpt><trkpt lat="46.320268" lon="6.846739"><ele>1444.4</ele></trkpt><trkpt lat="46.320335" lon="6.846667"><ele>1445.6</ele></trkpt><trkpt lat="46.320455" lon="6.846708"><ele>1447.6</ele></trkpt><trkpt lat="46.320505" lon="6.846747"><ele>1449.0</ele></trkpt><trkpt lat="46.320530" lon="6.846650"><ele>1450.4</ele></trkpt><trkpt lat="46.320560" lon="6.846499"><ele>1452.4</ele></trkpt><trkpt lat="46.320587" lon="6.846356"><ele>1454.2</ele></trkpt><trkpt lat="46.320702" lon="6.846382"><ele>1456.0</ele></trkpt><trkpt lat="46.320803" lon="6.846178"><ele>1458.8</ele></trkpt><trkpt lat="46.320865" lon="6.846059"><ele>1460.6</ele></trkpt><trkpt lat="46.320965" lon="6.845875"><ele>1462.8</ele></trkpt><trkpt lat="46.321030" lon="6.845694"><ele>1464.4</ele></trkpt><trkpt lat="46.321127" lon="6.845595"><ele>1466.0</ele></trkpt><trkpt lat="46.321320" lon="6.845566"><ele>1468.2</ele></trkpt><trkpt lat="46.321382" lon="6.845538"><ele>1469.2</ele></trkpt><trkpt lat="46.321565" lon="6.845470"><ele>1471.8</ele></trkpt><trkpt lat="46.321736" lon="6.845374"><ele>1473.0</ele></trkpt><trkpt lat="46.321950" lon="6.845571"><ele>1473.2</ele></trkpt><trkpt lat="46.322190" lon="6.845796"><ele>1474.0</ele></trkpt><trkpt lat="46.322317" lon="6.845830"><ele>1475.0</ele></trkpt><trkpt lat="46.322559" lon="6.845852"><ele>1476.6</ele></trkpt><trkpt lat="46.322832" lon="6.845928"><ele>1477.8</ele></trkpt><trkpt lat="46.323021" lon="6.845938"><ele>1478.8</ele></trkpt><trkpt lat="46.323135" lon="6.845931"><ele>1479.4</ele></trkpt><trkpt lat="46.323323" lon="6.845824"><ele>1480.8</ele></trkpt><trkpt lat="46.323660" lon="6.845567"><ele>1481.4</ele></trkpt><trkpt lat="46.323718" lon="6.845090"><ele>1483.4</ele></trkpt><trkpt lat="46.323683" lon="6.844821"><ele>1485.0</ele></trkpt><trkpt lat="46.323652" lon="6.844618"><ele>1486.4</ele></trkpt><trkpt lat="46.323658" lon="6.844311"><ele>1488.4</ele></trkpt><trkpt lat="46.323671" lon="6.844015"><ele>1490.0</ele></trkpt><trkpt lat="46.323663" lon="6.843809"><ele>1491.2</ele></trkpt><trkpt lat="46.323683" lon="6.843535"><ele>1492.6</ele></trkpt><trkpt lat="46.323782" lon="6.843171"><ele>1494.8</ele></trkpt><trkpt lat="46.323936" lon="6.843028"><ele>1496.0</ele></trkpt><trkpt lat="46.324075" lon="6.842861"><ele>1497.8</ele></trkpt><trkpt lat="46.324135" lon="6.842688"><ele>1498.8</ele></trkpt><trkpt lat="46.324138" lon="6.842542"><ele>1498.8</ele></trkpt><trkpt lat="46.324149" lon="6.842581"><ele>1498.2</ele></trkpt><trkpt lat="46.324164" lon="6.842544"><ele>1498.4</ele></trkpt><trkpt lat="46.324174" lon="6.842531"><ele>1498.0</ele></trkpt><trkpt lat="46.324160" lon="6.842500"><ele>1498.2</ele></trkpt><trkpt lat="46.324195" lon="6.842396"><ele>1498.2</ele></trkpt><trkpt lat="46.324195" lon="6.842391"><ele>1497.8</ele></trkpt><trkpt lat="46.324181" lon="6.842436"><ele>1497.2</ele></trkpt><trkpt lat="46.324183" lon="6.842433"><ele>1497.0</ele></trkpt><trkpt lat="46.324180" lon="6.842468"><ele>1496.8</ele></trkpt><trkpt lat="46.324187" lon="6.842400"><ele>1497.0</ele></trkpt><trkpt lat="46.324216" lon="6.842375"><ele>1497.4</ele></trkpt><trkpt lat="46.324209" lon="6.842356"><ele>1498.0</ele></trkpt><trkpt lat="46.324167" lon="6.842391"><ele>1498.0</ele></trkpt><trkpt lat="46.324131" lon="6.842519"><ele>1498.4</ele></trkpt><trkpt lat="46.324110" lon="6.842401"><ele>1498.4</ele></trkpt><trkpt lat="46.324203" lon="6.842134"><ele>1499.6</ele></trkpt><trkpt lat="46.324208" lon="6.842133"><ele>1500.0</ele></trkpt><trkpt lat="46.324219" lon="6.842143"><ele>1499.8</ele></trkpt><trkpt lat="46.324194" lon="6.842172"><ele>1499.2</ele></trkpt><trkpt lat="46.324196" lon="6.842278"><ele>1499.4</ele></trkpt><trkpt lat="46.324200" lon="6.842328"><ele>1499.6</ele></trkpt><trkpt lat="46.324206" lon="6.842351"><ele>1500.0</ele></trkpt><trkpt lat="46.324180" lon="6.842444"><ele>1499.2</ele></trkpt><trkpt lat="46.324193" lon="6.842419"><ele>1498.8</ele></trkpt><trkpt lat="46.324205" lon="6.842418"><ele>1498.6</ele></trkpt><trkpt lat="46.324200" lon="6.842401"><ele>1498.2</ele></trkpt><trkpt lat="46.324199" lon="6.842405"><ele>1497.8</ele></trkpt><trkpt lat="46.324199" lon="6.842407"><ele>1496.8</ele></trkpt><trkpt lat="46.324196" lon="6.842416"><ele>1496.6</ele></trkpt><trkpt lat="46.324196" lon="6.842420"><ele>1496.6</ele></trkpt><trkpt lat="46.324218" lon="6.842530"><ele>1497.8</ele></trkpt><trkpt lat="46.324194" lon="6.842645"><ele>1498.0</ele></trkpt><trkpt lat="46.324237" lon="6.842728"><ele>1500.4</ele></trkpt><trkpt lat="46.324295" lon="6.842743"><ele>1501.6</ele></trkpt><trkpt lat="46.324346" lon="6.842700"><ele>1503.8</ele></trkpt><trkpt lat="46.324393" lon="6.842638"><ele>1505.6</ele></trkpt><trkpt lat="46.324457" lon="6.842562"><ele>1507.2</ele></trkpt><trkpt lat="46.324489" lon="6.842578"><ele>1508.2</ele></trkpt><trkpt lat="46.324510" lon="6.842647"><ele>1509.4</ele></trkpt><trkpt lat="46.324587" lon="6.842687"><ele>1511.2</ele></trkpt><trkpt lat="46.324622" lon="6.842631"><ele>1512.6</ele></trkpt><trkpt lat="46.324642" lon="6.842552"><ele>1513.6</ele></trkpt><trkpt lat="46.324693" lon="6.842470"><ele>1514.8</ele></trkpt><trkpt lat="46.324741" lon="6.842411"><ele>1516.2</ele></trkpt><trkpt lat="46.324819" lon="6.842302"><ele>1518.0</ele></trkpt><trkpt lat="46.324833" lon="6.842277"><ele>1519.6</ele></trkpt><trkpt lat="46.324899" lon="6.842169"><ele>1519.8</ele></trkpt><trkpt lat="46.324922" lon="6.842098"><ele>1520.6</ele></trkpt><trkpt lat="46.324892" lon="6.842035"><ele>1522.6</ele></trkpt><trkpt lat="46.324851" lon="6.841883"><ele>1524.2</ele></trkpt><trkpt lat="46.324845" lon="6.841682"><ele>1525.4</ele></trkpt><trkpt lat="46.324833" lon="6.841576"><ele>1527.0</ele></trkpt><trkpt lat="46.324877" lon="6.841568"><ele>1529.2</ele></trkpt><trkpt lat="46.324907" lon="6.841642"><ele>1529.8</ele></trkpt><trkpt lat="46.325026" lon="6.841719"><ele>1530.6</ele></trkpt><trkpt lat="46.325077" lon="6.841773"><ele>1531.4</ele></trkpt><trkpt lat="46.325175" lon="6.841886"><ele>1533.8</ele></trkpt><trkpt lat="46.325286" lon="6.842031"><ele>1535.0</ele></trkpt><trkpt lat="46.325284" lon="6.842129"><ele>1536.4</ele></trkpt><trkpt lat="46.325260" lon="6.842268"><ele>1537.6</ele></trkpt><trkpt lat="46.325285" lon="6.842406"><ele>1539.2</ele></trkpt><trkpt lat="46.325332" lon="6.842498"><ele>1540.4</ele></trkpt><trkpt lat="46.325415" lon="6.842780"><ele>1542.4</ele></trkpt><trkpt lat="46.325391" lon="6.842962"><ele>1543.4</ele></trkpt><trkpt lat="46.325484" lon="6.843130"><ele>1544.4</ele></trkpt><trkpt lat="46.325637" lon="6.843315"><ele>1546.2</ele></trkpt><trkpt lat="46.325702" lon="6.843527"><ele>1547.2</ele></trkpt><trkpt lat="46.325682" lon="6.843706"><ele>1548.8</ele></trkpt><trkpt lat="46.325638" lon="6.843918"><ele>1550.4</ele></trkpt><trkpt lat="46.325673" lon="6.844051"><ele>1551.0</ele></trkpt><trkpt lat="46.325705" lon="6.844257"><ele>1552.0</ele></trkpt><trkpt lat="46.325731" lon="6.844742"><ele>1554.0</ele></trkpt><trkpt lat="46.325679" lon="6.844883"><ele>1555.2</ele></trkpt><trkpt lat="46.325586" lon="6.845056"><ele>1557.4</ele></trkpt><trkpt lat="46.325510" lon="6.845238"><ele>1559.6</ele></trkpt><trkpt lat="46.325447" lon="6.845385"><ele>1561.6</ele></trkpt><trkpt lat="46.325415" lon="6.845498"><ele>1562.8</ele></trkpt><trkpt lat="46.325384" lon="6.845579"><ele>1563.8</ele></trkpt><trkpt lat="46.325329" lon="6.845726"><ele>1565.8</ele></trkpt><trkpt lat="46.325303" lon="6.845814"><ele>1566.6</ele></trkpt><trkpt lat="46.325294" lon="6.845834"><ele>1567.0</ele></trkpt><trkpt lat="46.325356" lon="6.845849"><ele>1569.0</ele></trkpt><trkpt lat="46.325444" lon="6.845832"><ele>1570.4</ele></trkpt><trkpt lat="46.325593" lon="6.845908"><ele>1570.6</ele></trkpt><trkpt lat="46.325672" lon="6.845946"><ele>1569.4</ele></trkpt><trkpt lat="46.325784" lon="6.845954"><ele>1566.8</ele></trkpt><trkpt lat="46.325814" lon="6.846007"><ele>1566.0</ele></trkpt><trkpt lat="46.325763" lon="6.846032"><ele>1564.6</ele></trkpt><trkpt lat="46.325694" lon="6.846111"><ele>1562.6</ele></trkpt><trkpt lat="46.325623" lon="6.846205"><ele>1560.6</ele></trkpt><trkpt lat="46.325538" lon="6.846370"><ele>1558.4</ele></trkpt><trkpt lat="46.325503" lon="6.846536"><ele>1555.8</ele></trkpt><trkpt lat="46.325488" lon="6.846560"><ele>1554.6</ele></trkpt><trkpt lat="46.325525" lon="6.846515"><ele>1553.2</ele></trkpt><trkpt lat="46.325562" lon="6.846501"><ele>1551.8</ele></trkpt><trkpt lat="46.325626" lon="6.846475"><ele>1548.6</ele></trkpt><trkpt lat="46.325657" lon="6.846465"><ele>1546.4</ele></trkpt><trkpt lat="46.325634" lon="6.846546"><ele>1544.8</ele></trkpt><trkpt lat="46.325638" lon="6.846641"><ele>1543.6</ele></trkpt><trkpt lat="46.325621" lon="6.846746"><ele>1541.2</ele></trkpt><trkpt lat="46.325610" lon="6.846986"><ele>1538.0</ele></trkpt><trkpt lat="46.325641" lon="6.847140"><ele>1536.4</ele></trkpt><trkpt lat="46.325586" lon="6.847241"><ele>1534.4</ele></trkpt><trkpt lat="46.325614" lon="6.847250"><ele>1532.6</ele></trkpt><trkpt lat="46.325667" lon="6.847165"><ele>1530.8</ele></trkpt><trkpt lat="46.325752" lon="6.847057"><ele>1527.8</ele></trkpt><trkpt lat="46.325807" lon="6.846989"><ele>1526.0</ele></trkpt><trkpt lat="46.325866" lon="6.846985"><ele>1523.8</ele></trkpt><trkpt lat="46.325951" lon="6.847058"><ele>1521.6</ele></trkpt><trkpt lat="46.326012" lon="6.847114"><ele>1519.8</ele></trkpt><trkpt lat="46.326091" lon="6.847219"><ele>1517.2</ele></trkpt><trkpt lat="46.326211" lon="6.847265"><ele>1514.2</ele></trkpt><trkpt lat="46.326295" lon="6.847319"><ele>1511.2</ele></trkpt><trkpt lat="46.326429" lon="6.847360"><ele>1507.4</ele></trkpt><trkpt lat="46.326479" lon="6.847497"><ele>1505.0</ele></trkpt><trkpt lat="46.326421" lon="6.847596"><ele>1502.2</ele></trkpt><trkpt lat="46.326317" lon="6.847695"><ele>1500.0</ele></trkpt><trkpt lat="46.326238" lon="6.847821"><ele>1497.2</ele></trkpt><trkpt lat="46.326251" lon="6.847975"><ele>1494.4</ele></trkpt><trkpt lat="46.326260" lon="6.848048"><ele>1493.0</ele></trkpt><trkpt lat="46.326277" lon="6.848117"><ele>1490.8</ele></trkpt><trkpt lat="46.326325" lon="6.848213"><ele>1488.8</ele></trkpt><trkpt lat="46.326371" lon="6.848297"><ele>1487.2</ele></trkpt><trkpt lat="46.326366" lon="6.848313"><ele>1485.6</ele></trkpt><trkpt lat="46.326358" lon="6.848356"><ele>1484.6</ele></trkpt><trkpt lat="46.326418" lon="6.848421"><ele>1483.0</ele></trkpt><trkpt lat="46.326463" lon="6.848501"><ele>1481.2</ele></trkpt><trkpt lat="46.326502" lon="6.848697"><ele>1479.8</ele></trkpt><trkpt lat="46.326507" lon="6.848805"><ele>1478.0</ele></trkpt><trkpt lat="46.326606" lon="6.848894"><ele>1475.4</ele></trkpt><trkpt lat="46.326702" lon="6.848995"><ele>1472.6</ele></trkpt><trkpt lat="46.326727" lon="6.849022"><ele>1470.8</ele></trkpt><trkpt lat="46.326796" lon="6.849034"><ele>1468.8</ele></trkpt><trkpt lat="46.326890" lon="6.849115"><ele>1466.8</ele></trkpt><trkpt lat="46.326977" lon="6.849207"><ele>1465.2</ele></trkpt><trkpt lat="46.327066" lon="6.849321"><ele>1463.2</ele></trkpt><trkpt lat="46.327168" lon="6.849444"><ele>1461.0</ele></trkpt><trkpt lat="46.327204" lon="6.849596"><ele>1459.6</ele></trkpt><trkpt lat="46.327242" lon="6.849749"><ele>1457.8</ele></trkpt><trkpt lat="46.327273" lon="6.849826"><ele>1457.4</ele></trkpt><trkpt lat="46.327334" lon="6.849951"><ele>1455.4</ele></trkpt><trkpt lat="46.327348" lon="6.849908"><ele>1453.0</ele></trkpt><trkpt lat="46.327292" lon="6.849762"><ele>1450.8</ele></trkpt><trkpt lat="46.327308" lon="6.849637"><ele>1448.8</ele></trkpt><trkpt lat="46.327373" lon="6.849477"><ele>1446.0</ele></trkpt><trkpt lat="46.327462" lon="6.849376"><ele>1443.4</ele></trkpt><trkpt lat="46.327448" lon="6.849200"><ele>1441.2</ele></trkpt><trkpt lat="46.327417" lon="6.849147"><ele>1439.8</ele></trkpt><trkpt lat="46.327360" lon="6.848990"><ele>1437.6</ele></trkpt><trkpt lat="46.327418" lon="6.848842"><ele>1436.6</ele></trkpt><trkpt lat="46.327549" lon="6.848716"><ele>1434.2</ele></trkpt><trkpt lat="46.327602" lon="6.848616"><ele>1432.2</ele></trkpt><trkpt lat="46.327673" lon="6.848434"><ele>1429.0</ele></trkpt><trkpt lat="46.327778" lon="6.848234"><ele>1424.8</ele></trkpt><trkpt lat="46.327785" lon="6.847997"><ele>1421.0</ele></trkpt><trkpt lat="46.327876" lon="6.847829"><ele>1418.2</ele></trkpt><trkpt lat="46.327943" lon="6.847716"><ele>1415.2</ele></trkpt><trkpt lat="46.328108" lon="6.847543"><ele>1411.6</ele></trkpt><trkpt lat="46.328253" lon="6.847385"><ele>1408.8</ele></trkpt><trkpt lat="46.328278" lon="6.847238"><ele>1407.2</ele></trkpt><trkpt lat="46.328325" lon="6.847148"><ele>1405.0</ele></trkpt><trkpt lat="46.328518" lon="6.846928"><ele>1401.2</ele></trkpt><trkpt lat="46.328615" lon="6.846736"><ele>1397.8</ele></trkpt><trkpt lat="46.328773" lon="6.846577"><ele>1394.8</ele></trkpt><trkpt lat="46.328850" lon="6.846409"><ele>1392.0</ele></trkpt><trkpt lat="46.328945" lon="6.846276"><ele>1389.4</ele></trkpt><trkpt lat="46.328888" lon="6.846119"><ele>1388.4</ele></trkpt><trkpt lat="46.328917" lon="6.846015"><ele>1386.6</ele></trkpt><trkpt lat="46.329016" lon="6.845957"><ele>1384.0</ele></trkpt><trkpt lat="46.329075" lon="6.845886"><ele>1381.0</ele></trkpt><trkpt lat="46.329294" lon="6.845718"><ele>1377.8</ele></trkpt><trkpt lat="46.329366" lon="6.845593"><ele>1375.6</ele></trkpt><trkpt lat="46.329527" lon="6.845479"><ele>1371.8</ele></trkpt><trkpt lat="46.329767" lon="6.845260"><ele>1368.0</ele></trkpt><trkpt lat="46.329873" lon="6.845038"><ele>1363.4</ele></trkpt><trkpt lat="46.329842" lon="6.844871"><ele>1361.0</ele></trkpt><trkpt lat="46.329794" lon="6.844783"><ele>1359.4</ele></trkpt><trkpt lat="46.329770" lon="6.844718"><ele>1358.2</ele></trkpt><trkpt lat="46.329665" lon="6.844543"><ele>1355.4</ele></trkpt><trkpt lat="46.329673" lon="6.844348"><ele>1353.0</ele></trkpt><trkpt lat="46.329744" lon="6.844171"><ele>1350.4</ele></trkpt><trkpt lat="46.329813" lon="6.843915"><ele>1347.6</ele></trkpt><trkpt lat="46.329920" lon="6.843684"><ele>1344.8</ele></trkpt><trkpt lat="46.330006" lon="6.843549"><ele>1341.6</ele></trkpt><trkpt lat="46.330084" lon="6.843338"><ele>1339.8</ele></trkpt><trkpt lat="46.330146" lon="6.843237"><ele>1338.6</ele></trkpt><trkpt lat="46.330171" lon="6.843198"><ele>1336.2</ele></trkpt><trkpt lat="46.330165" lon="6.843067"><ele>1334.0</ele></trkpt><trkpt lat="46.330212" lon="6.842887"><ele>1330.6</ele></trkpt><trkpt lat="46.330234" lon="6.842745"><ele>1328.2</ele></trkpt><trkpt lat="46.330241" lon="6.842651"><ele>1326.2</ele></trkpt><trkpt lat="46.330320" lon="6.842451"><ele>1323.4</ele></trkpt><trkpt lat="46.330436" lon="6.842340"><ele>1321.2</ele></trkpt><trkpt lat="46.330478" lon="6.842174"><ele>1318.6</ele></trkpt><trkpt lat="46.330505" lon="6.842042"><ele>1315.4</ele></trkpt><trkpt lat="46.330528" lon="6.841908"><ele>1312.6</ele></trkpt><trkpt lat="46.330543" lon="6.841811"><ele>1310.8</ele></trkpt><trkpt lat="46.330621" lon="6.841621"><ele>1306.8</ele></trkpt><trkpt lat="46.330675" lon="6.841431"><ele>1304.2</ele></trkpt><trkpt lat="46.330702" lon="6.841266"><ele>1301.4</ele></trkpt><trkpt lat="46.330754" lon="6.841178"><ele>1299.4</ele></trkpt><trkpt lat="46.330840" lon="6.841055"><ele>1296.6</ele></trkpt><trkpt lat="46.330898" lon="6.840967"><ele>1293.8</ele></trkpt><trkpt lat="46.331037" lon="6.840824"><ele>1290.0</ele></trkpt><trkpt lat="46.331134" lon="6.840680"><ele>1286.8</ele></trkpt><trkpt lat="46.331168" lon="6.840638"><ele>1285.0</ele></trkpt><trkpt lat="46.331301" lon="6.840488"><ele>1281.2</ele></trkpt><trkpt lat="46.331377" lon="6.840347"><ele>1278.8</ele></trkpt><trkpt lat="46.331471" lon="6.840207"><ele>1276.0</ele></trkpt><trkpt lat="46.331539" lon="6.840070"><ele>1273.2</ele></trkpt><trkpt lat="46.331573" lon="6.839934"><ele>1269.6</ele></trkpt><trkpt lat="46.331617" lon="6.839782"><ele>1265.8</ele></trkpt><trkpt lat="46.331723" lon="6.839552"><ele>1262.6</ele></trkpt><trkpt lat="46.331787" lon="6.839353"><ele>1259.4</ele></trkpt><trkpt lat="46.331836" lon="6.839153"><ele>1255.4</ele></trkpt><trkpt lat="46.331887" lon="6.838992"><ele>1253.4</ele></trkpt><trkpt lat="46.331896" lon="6.838862"><ele>1251.4</ele></trkpt><trkpt lat="46.331943" lon="6.838722"><ele>1249.0</ele></trkpt><trkpt lat="46.332062" lon="6.838428"><ele>1245.2</ele></trkpt><trkpt lat="46.332156" lon="6.838257"><ele>1243.0</ele></trkpt><trkpt lat="46.332272" lon="6.837959"><ele>1239.4</ele></trkpt><trkpt lat="46.332425" lon="6.837861"><ele>1236.2</ele></trkpt><trkpt lat="46.332481" lon="6.838033"><ele>1234.2</ele></trkpt><trkpt lat="46.332552" lon="6.838270"><ele>1231.2</ele></trkpt><trkpt lat="46.332618" lon="6.838451"><ele>1229.0</ele></trkpt><trkpt lat="46.332676" lon="6.838682"><ele>1226.8</ele></trkpt><trkpt lat="46.332782" lon="6.839028"><ele>1223.2</ele></trkpt><trkpt lat="46.332810" lon="6.839289"><ele>1220.4</ele></trkpt><trkpt lat="46.332864" lon="6.839484"><ele>1217.8</ele></trkpt><trkpt lat="46.332885" lon="6.839696"><ele>1215.2</ele></trkpt><trkpt lat="46.332840" lon="6.839837"><ele>1213.4</ele></trkpt><trkpt lat="46.332744" lon="6.840126"><ele>1209.8</ele></trkpt><trkpt lat="46.332662" lon="6.840373"><ele>1208.0</ele></trkpt><trkpt lat="46.332721" lon="6.840677"><ele>1206.2</ele></trkpt><trkpt lat="46.332759" lon="6.840971"><ele>1202.8</ele></trkpt><trkpt lat="46.332752" lon="6.841254"><ele>1199.4</ele></trkpt><trkpt lat="46.332743" lon="6.841369"><ele>1197.8</ele></trkpt><trkpt lat="46.332817" lon="6.841382"><ele>1195.4</ele></trkpt><trkpt lat="46.332851" lon="6.841135"><ele>1193.2</ele></trkpt><trkpt lat="46.332984" lon="6.841233"><ele>1191.4</ele></trkpt><trkpt lat="46.333018" lon="6.841443"><ele>1189.4</ele></trkpt><trkpt lat="46.333165" lon="6.841842"><ele>1186.0</ele></trkpt><trkpt lat="46.333266" lon="6.842079"><ele>1183.6</ele></trkpt><trkpt lat="46.333294" lon="6.842140"><ele>1181.8</ele></trkpt><trkpt lat="46.333271" lon="6.842038"><ele>1181.2</ele></trkpt><trkpt lat="46.333209" lon="6.841792"><ele>1182.0</ele></trkpt><trkpt lat="46.333191" lon="6.841627"><ele>1182.4</ele></trkpt><trkpt lat="46.333174" lon="6.841412"><ele>1182.0</ele></trkpt><trkpt lat="46.333083" lon="6.841080"><ele>1183.0</ele></trkpt><trkpt lat="46.333045" lon="6.840774"><ele>1183.0</ele></trkpt><trkpt lat="46.333059" lon="6.840508"><ele>1183.4</ele></trkpt><trkpt lat="46.333099" lon="6.840378"><ele>1184.0</ele></trkpt><trkpt lat="46.333086" lon="6.840275"><ele>1184.2</ele></trkpt><trkpt lat="46.333075" lon="6.840045"><ele>1184.6</ele></trkpt><trkpt lat="46.333180" lon="6.839825"><ele>1184.8</ele></trkpt><trkpt lat="46.333218" lon="6.839495"><ele>1185.8</ele></trkpt><trkpt lat="46.333165" lon="6.839268"><ele>1185.4</ele></trkpt><trkpt lat="46.333169" lon="6.839173"><ele>1185.2</ele></trkpt><trkpt lat="46.333180" lon="6.839077"><ele>1187.8</ele></trkpt><trkpt lat="46.333175" lon="6.839014"><ele>1190.2</ele></trkpt><trkpt lat="46.333174" lon="6.838912"><ele>1190.2</ele></trkpt><trkpt lat="46.333207" lon="6.838853"><ele>1188.8</ele></trkpt><trkpt lat="46.333147" lon="6.838765"><ele>1189.4</ele></trkpt><trkpt lat="46.333155" lon="6.838882"><ele>1190.6</ele></trkpt><trkpt lat="46.333186" lon="6.839059"><ele>1191.8</ele></trkpt><trkpt lat="46.333254" lon="6.839176"><ele>1192.8</ele></trkpt><trkpt lat="46.333279" lon="6.839236"><ele>1193.8</ele></trkpt><trkpt lat="46.333348" lon="6.839299"><ele>1194.0</ele></trkpt><trkpt lat="46.333423" lon="6.839379"><ele>1194.8</ele></trkpt><trkpt lat="46.333486" lon="6.839577"><ele>1196.8</ele></trkpt><trkpt lat="46.333598" lon="6.839831"><ele>1198.8</ele></trkpt><trkpt lat="46.333687" lon="6.839950"><ele>1200.0</ele></trkpt><trkpt lat="46.333767" lon="6.840117"><ele>1201.0</ele></trkpt><trkpt lat="46.333863" lon="6.840273"><ele>1202.2</ele></trkpt><trkpt lat="46.333996" lon="6.840191"><ele>1203.6</ele></trkpt><trkpt lat="46.334073" lon="6.840133"><ele>1203.8</ele></trkpt><trkpt lat="46.334124" lon="6.840113"><ele>1204.6</ele></trkpt><trkpt lat="46.334201" lon="6.840222"><ele>1206.0</ele></trkpt><trkpt lat="46.334298" lon="6.840359"><ele>1207.4</ele></trkpt><trkpt lat="46.334411" lon="6.840448"><ele>1208.6</ele></trkpt><trkpt lat="46.334561" lon="6.840677"><ele>1210.8</ele></trkpt><trkpt lat="46.334628" lon="6.840825"><ele>1212.6</ele></trkpt><trkpt lat="46.334645" lon="6.840870"><ele>1214.2</ele></trkpt><trkpt lat="46.334739" lon="6.841009"><ele>1216.6</ele></trkpt><trkpt lat="46.334806" lon="6.841066"><ele>1218.2</ele></trkpt><trkpt lat="46.334837" lon="6.841135"><ele>1218.8</ele></trkpt><trkpt lat="46.334869" lon="6.841216"><ele>1218.8</ele></trkpt><trkpt lat="46.334979" lon="6.841414"><ele>1219.2</ele></trkpt><trkpt lat="46.335055" lon="6.841459"><ele>1219.6</ele></trkpt><trkpt lat="46.335068" lon="6.841489"><ele>1220.2</ele></trkpt><trkpt lat="46.335166" lon="6.841643"><ele>1221.2</ele></trkpt><trkpt lat="46.335237" lon="6.841733"><ele>1222.0</ele></trkpt><trkpt lat="46.335335" lon="6.841960"><ele>1222.2</ele></trkpt><trkpt lat="46.335368" lon="6.842196"><ele>1220.6</ele></trkpt><trkpt lat="46.335461" lon="6.842460"><ele>1218.8</ele></trkpt><trkpt lat="46.335535" lon="6.842719"><ele>1217.4</ele></trkpt><trkpt lat="46.335575" lon="6.842938"><ele>1215.2</ele></trkpt><trkpt lat="46.335640" lon="6.843102"><ele>1213.0</ele></trkpt><trkpt lat="46.335677" lon="6.843230"><ele>1210.4</ele></trkpt><trkpt lat="46.335718" lon="6.843462"><ele>1207.6</ele></trkpt><trkpt lat="46.335717" lon="6.843663"><ele>1204.4</ele></trkpt><trkpt lat="46.335787" lon="6.843810"><ele>1202.0</ele></trkpt><trkpt lat="46.335829" lon="6.843905"><ele>1199.0</ele></trkpt><trkpt lat="46.335870" lon="6.843925"><ele>1197.2</ele></trkpt><trkpt lat="46.335915" lon="6.843952"><ele>1194.8</ele></trkpt><trkpt lat="46.335978" lon="6.844000"><ele>1192.0</ele></trkpt><trkpt lat="46.336021" lon="6.844039"><ele>1189.0</ele></trkpt><trkpt lat="46.336067" lon="6.844068"><ele>1187.6</ele></trkpt><trkpt lat="46.336089" lon="6.844171"><ele>1185.6</ele></trkpt><trkpt lat="46.336121" lon="6.844283"><ele>1183.4</ele></trkpt><trkpt lat="46.336161" lon="6.844372"><ele>1181.2</ele></trkpt><trkpt lat="46.336231" lon="6.844462"><ele>1179.0</ele></trkpt><trkpt lat="46.336375" lon="6.844590"><ele>1176.2</ele></trkpt><trkpt lat="46.336465" lon="6.844695"><ele>1174.2</ele></trkpt><trkpt lat="46.336528" lon="6.844802"><ele>1172.2</ele></trkpt><trkpt lat="46.336617" lon="6.844949"><ele>1169.4</ele></trkpt><trkpt lat="46.336680" lon="6.845113"><ele>1166.2</ele></trkpt><trkpt lat="46.336716" lon="6.845184"><ele>1164.0</ele></trkpt><trkpt lat="46.336771" lon="6.845300"><ele>1161.6</ele></trkpt><trkpt lat="46.336833" lon="6.845466"><ele>1158.2</ele></trkpt><trkpt lat="46.336871" lon="6.845539"><ele>1156.0</ele></trkpt><trkpt lat="46.336969" lon="6.845608"><ele>1154.6</ele></trkpt><trkpt lat="46.337063" lon="6.845604"><ele>1156.0</ele></trkpt><trkpt lat="46.337155" lon="6.845637"><ele>1157.4</ele></trkpt><trkpt lat="46.337295" lon="6.845668"><ele>1159.4</ele></trkpt><trkpt lat="46.337348" lon="6.845691"><ele>1160.6</ele></trkpt><trkpt lat="46.337441" lon="6.845718"><ele>1162.4</ele></trkpt><trkpt lat="46.337468" lon="6.845722"><ele>1163.0</ele></trkpt><trkpt lat="46.337543" lon="6.845777"><ele>1164.2</ele></trkpt><trkpt lat="46.337581" lon="6.845737"><ele>1164.8</ele></trkpt><trkpt lat="46.337671" lon="6.845720"><ele>1166.4</ele></trkpt><trkpt lat="46.337732" lon="6.845714"><ele>1167.6</ele></trkpt><trkpt lat="46.337770" lon="6.845745"><ele>1168.6</ele></trkpt><trkpt lat="46.337795" lon="6.845732"><ele>1169.0</ele></trkpt><trkpt lat="46.337833" lon="6.845746"><ele>1169.8</ele></trkpt><trkpt lat="46.337894" lon="6.845762"><ele>1170.8</ele></trkpt><trkpt lat="46.337973" lon="6.845805"><ele>1172.0</ele></trkpt><trkpt lat="46.338009" lon="6.845813"><ele>1172.6</ele></trkpt><trkpt lat="46.338068" lon="6.845827"><ele>1174.0</ele></trkpt><trkpt lat="46.338193" lon="6.845831"><ele>1176.2</ele></trkpt><trkpt lat="46.338280" lon="6.845859"><ele>1177.6</ele></trkpt><trkpt lat="46.338337" lon="6.845880"><ele>1178.4</ele></trkpt><trkpt lat="46.338406" lon="6.845892"><ele>1179.6</ele></trkpt><trkpt lat="46.338503" lon="6.845918"><ele>1181.2</ele></trkpt><trkpt lat="46.338636" lon="6.845935"><ele>1182.8</ele></trkpt><trkpt lat="46.338720" lon="6.845983"><ele>1184.4</ele></trkpt><trkpt lat="46.338745" lon="6.846079"><ele>1185.6</ele></trkpt><trkpt lat="46.338754" lon="6.846198"><ele>1187.4</ele></trkpt><trkpt lat="46.338778" lon="6.846328"><ele>1189.2</ele></trkpt><trkpt lat="46.338881" lon="6.846425"><ele>1191.0</ele></trkpt><trkpt lat="46.338926" lon="6.846467"><ele>1191.8</ele></trkpt><trkpt lat="46.338965" lon="6.846608"><ele>1193.4</ele></trkpt><trkpt lat="46.339035" lon="6.846743"><ele>1195.2</ele></trkpt><trkpt lat="46.339077" lon="6.846872"><ele>1196.8</ele></trkpt><trkpt lat="46.339144" lon="6.846968"><ele>1198.6</ele></trkpt><trkpt lat="46.339254" lon="6.847003"><ele>1200.4</ele></trkpt><trkpt lat="46.339294" lon="6.846996"><ele>1201.4</ele></trkpt><trkpt lat="46.339387" lon="6.846929"><ele>1203.0</ele></trkpt><trkpt lat="46.339477" lon="6.846808"><ele>1205.4</ele></trkpt><trkpt lat="46.339539" lon="6.846777"><ele>1207.2</ele></trkpt><trkpt lat="46.339609" lon="6.846820"><ele>1208.4</ele></trkpt><trkpt lat="46.339664" lon="6.846834"><ele>1210.4</ele></trkpt><trkpt lat="46.339712" lon="6.846802"><ele>1212.0</ele></trkpt><trkpt lat="46.339817" lon="6.846818"><ele>1214.0</ele></trkpt><trkpt lat="46.339865" lon="6.846777"><ele>1216.4</ele></trkpt><trkpt lat="46.339867" lon="6.846728"><ele>1218.6</ele></trkpt><trkpt lat="46.339935" lon="6.846701"><ele>1220.6</ele></trkpt><trkpt lat="46.339954" lon="6.846670"><ele>1221.8</ele></trkpt><trkpt lat="46.340021" lon="6.846612"><ele>1223.8</ele></trkpt><trkpt lat="46.340098" lon="6.846559"><ele>1226.0</ele></trkpt><trkpt lat="46.340128" lon="6.846573"><ele>1228.2</ele></trkpt><trkpt lat="46.340108" lon="6.846450"><ele>1230.4</ele></trkpt><trkpt lat="46.340110" lon="6.846383"><ele>1232.2</ele></trkpt><trkpt lat="46.340130" lon="6.846359"><ele>1234.0</ele></trkpt><trkpt lat="46.340119" lon="6.846271"><ele>1236.0</ele></trkpt><trkpt lat="46.340099" lon="6.846163"><ele>1239.2</ele></trkpt><trkpt lat="46.340095" lon="6.846125"><ele>1240.8</ele></trkpt><trkpt lat="46.340026" lon="6.846150"><ele>1242.8</ele></trkpt><trkpt lat="46.339976" lon="6.846178"><ele>1244.4</ele></trkpt><trkpt lat="46.339973" lon="6.846058"><ele>1247.0</ele></trkpt><trkpt lat="46.339982" lon="6.845949"><ele>1248.8</ele></trkpt><trkpt lat="46.339995" lon="6.845857"><ele>1250.4</ele></trkpt><trkpt lat="46.340006" lon="6.845809"><ele>1252.2</ele></trkpt><trkpt lat="46.340036" lon="6.845750"><ele>1253.4</ele></trkpt><trkpt lat="46.340092" lon="6.845648"><ele>1255.2</ele></trkpt><trkpt lat="46.340133" lon="6.845584"><ele>1257.4</ele></trkpt><trkpt lat="46.340156" lon="6.845551"><ele>1258.8</ele></trkpt><trkpt lat="46.340184" lon="6.845546"><ele>1260.8</ele></trkpt><trkpt lat="46.340224" lon="6.845614"><ele>1263.4</ele></trkpt><trkpt lat="46.340283" lon="6.845622"><ele>1265.2</ele></trkpt><trkpt lat="46.340337" lon="6.845697"><ele>1267.0</ele></trkpt><trkpt lat="46.340415" lon="6.845746"><ele>1268.6</ele></trkpt><trkpt lat="46.340466" lon="6.845771"><ele>1270.4</ele></trkpt><trkpt lat="46.340535" lon="6.845793"><ele>1272.0</ele></trkpt><trkpt lat="46.340508" lon="6.845685"><ele>1274.8</ele></trkpt><trkpt lat="46.340486" lon="6.845617"><ele>1276.4</ele></trkpt><trkpt lat="46.340561" lon="6.845472"><ele>1278.4</ele></trkpt><trkpt lat="46.340580" lon="6.845396"><ele>1280.6</ele></trkpt><trkpt lat="46.340596" lon="6.845377"><ele>1282.4</ele></trkpt><trkpt lat="46.340687" lon="6.845382"><ele>1284.0</ele></trkpt><trkpt lat="46.340702" lon="6.845357"><ele>1285.2</ele></trkpt><trkpt lat="46.340702" lon="6.845248"><ele>1287.2</ele></trkpt><trkpt lat="46.340662" lon="6.845207"><ele>1289.4</ele></trkpt><trkpt lat="46.340644" lon="6.845128"><ele>1291.6</ele></trkpt><trkpt lat="46.340608" lon="6.844984"><ele>1294.8</ele></trkpt><trkpt lat="46.340563" lon="6.844916"><ele>1296.6</ele></trkpt><trkpt lat="46.340643" lon="6.844897"><ele>1298.0</ele></trkpt><trkpt lat="46.340713" lon="6.844870"><ele>1299.6</ele></trkpt><trkpt lat="46.340633" lon="6.844832"><ele>1301.2</ele></trkpt><trkpt lat="46.340604" lon="6.844696"><ele>1303.4</ele></trkpt><trkpt lat="46.340608" lon="6.844598"><ele>1305.4</ele></trkpt><trkpt lat="46.340593" lon="6.844528"><ele>1307.6</ele></trkpt><trkpt lat="46.340547" lon="6.844544"><ele>1307.8</ele></trkpt><trkpt lat="46.340491" lon="6.844534"><ele>1307.8</ele></trkpt><trkpt lat="46.340438" lon="6.844536"><ele>1309.0</ele></trkpt><trkpt lat="46.340506" lon="6.844456"><ele>1310.8</ele></trkpt><trkpt lat="46.340532" lon="6.844391"><ele>1312.4</ele></trkpt><trkpt lat="46.340619" lon="6.844360"><ele>1314.6</ele></trkpt><trkpt lat="46.340717" lon="6.844345"><ele>1316.4</ele></trkpt><trkpt lat="46.340719" lon="6.844313"><ele>1318.0</ele></trkpt><trkpt lat="46.340719" lon="6.844279"><ele>1320.2</ele></trkpt><trkpt lat="46.340759" lon="6.844202"><ele>1323.0</ele></trkpt><trkpt lat="46.340826" lon="6.844191"><ele>1324.6</ele></trkpt><trkpt lat="46.340868" lon="6.844161"><ele>1325.8</ele></trkpt><trkpt lat="46.340895" lon="6.844197"><ele>1327.8</ele></trkpt><trkpt lat="46.340930" lon="6.844208"><ele>1330.0</ele></trkpt><trkpt lat="46.340891" lon="6.844154"><ele>1331.8</ele></trkpt><trkpt lat="46.340898" lon="6.844059"><ele>1333.4</ele></trkpt><trkpt lat="46.340916" lon="6.844004"><ele>1335.2</ele></trkpt><trkpt lat="46.340901" lon="6.843945"><ele>1337.0</ele></trkpt><trkpt lat="46.340858" lon="6.843884"><ele>1339.2</ele></trkpt><trkpt lat="46.340909" lon="6.843854"><ele>1341.0</ele></trkpt><trkpt lat="46.340966" lon="6.843845"><ele>1342.6</ele></trkpt><trkpt lat="46.341011" lon="6.843812"><ele>1344.6</ele></trkpt><trkpt lat="46.340950" lon="6.843760"><ele>1346.8</ele></trkpt><trkpt lat="46.341006" lon="6.843688"><ele>1349.6</ele></trkpt><trkpt lat="46.341024" lon="6.843639"><ele>1351.4</ele></trkpt><trkpt lat="46.341098" lon="6.843630"><ele>1353.4</ele></trkpt><trkpt lat="46.341135" lon="6.843664"><ele>1355.0</ele></trkpt><trkpt lat="46.341182" lon="6.843689"><ele>1356.8</ele></trkpt><trkpt lat="46.341187" lon="6.843649"><ele>1358.6</ele></trkpt><trkpt lat="46.341185" lon="6.843587"><ele>1360.2</ele></trkpt><trkpt lat="46.341264" lon="6.843583"><ele>1363.6</ele></trkpt><trkpt lat="46.341208" lon="6.843507"><ele>1365.4</ele></trkpt><trkpt lat="46.341166" lon="6.843425"><ele>1367.0</ele></trkpt><trkpt lat="46.341111" lon="6.843365"><ele>1369.0</ele></trkpt><trkpt lat="46.341092" lon="6.843327"><ele>1370.2</ele></trkpt><trkpt lat="46.341044" lon="6.843397"><ele>1371.6</ele></trkpt><trkpt lat="46.341038" lon="6.843400"><ele>1373.2</ele></trkpt><trkpt lat="46.341034" lon="6.843335"><ele>1375.2</ele></trkpt><trkpt lat="46.341034" lon="6.843317"><ele>1376.8</ele></trkpt><trkpt lat="46.341075" lon="6.843306"><ele>1378.2</ele></trkpt><trkpt lat="46.341104" lon="6.843291"><ele>1379.2</ele></trkpt><trkpt lat="46.341159" lon="6.843187"><ele>1380.8</ele></trkpt><trkpt lat="46.341227" lon="6.843161"><ele>1382.6</ele></trkpt><trkpt lat="46.341269" lon="6.843153"><ele>1384.8</ele></trkpt><trkpt lat="46.341350" lon="6.843073"><ele>1386.4</ele></trkpt><trkpt lat="46.341409" lon="6.843066"><ele>1388.2</ele></trkpt><trkpt lat="46.341449" lon="6.843108"><ele>1389.6</ele></trkpt><trkpt lat="46.341472" lon="6.843045"><ele>1391.4</ele></trkpt><trkpt lat="46.341506" lon="6.842981"><ele>1393.2</ele></trkpt><trkpt lat="46.341575" lon="6.842925"><ele>1394.8</ele></trkpt><trkpt lat="46.341661" lon="6.842942"><ele>1396.6</ele></trkpt><trkpt lat="46.341729" lon="6.842910"><ele>1398.0</ele></trkpt><trkpt lat="46.341777" lon="6.842968"><ele>1399.2</ele></trkpt><trkpt lat="46.341820" lon="6.843001"><ele>1400.8</ele></trkpt><trkpt lat="46.341840" lon="6.842777"><ele>1403.6</ele></trkpt><trkpt lat="46.341869" lon="6.842720"><ele>1406.0</ele></trkpt><trkpt lat="46.341896" lon="6.842625"><ele>1407.6</ele></trkpt><trkpt lat="46.341926" lon="6.842484"><ele>1410.4</ele></trkpt><trkpt lat="46.341959" lon="6.842379"><ele>1412.8</ele></trkpt><trkpt lat="46.341959" lon="6.842279"><ele>1414.8</ele></trkpt><trkpt lat="46.342036" lon="6.842126"><ele>1417.6</ele></trkpt><trkpt lat="46.342092" lon="6.842110"><ele>1419.0</ele></trkpt><trkpt lat="46.342111" lon="6.842014"><ele>1420.8</ele></trkpt><trkpt lat="46.342127" lon="6.841974"><ele>1422.8</ele></trkpt><trkpt lat="46.342154" lon="6.841886"><ele>1424.8</ele></trkpt><trkpt lat="46.342185" lon="6.841901"><ele>1425.6</ele></trkpt><trkpt lat="46.342198" lon="6.841839"><ele>1426.4</ele></trkpt><trkpt lat="46.342229" lon="6.841646"><ele>1429.2</ele></trkpt><trkpt lat="46.342263" lon="6.841592"><ele>1430.6</ele></trkpt><trkpt lat="46.342304" lon="6.841509"><ele>1432.0</ele></trkpt><trkpt lat="46.342346" lon="6.841368"><ele>1433.8</ele></trkpt><trkpt lat="46.342369" lon="6.841216"><ele>1435.6</ele></trkpt><trkpt lat="46.342417" lon="6.841088"><ele>1437.6</ele></trkpt><trkpt lat="46.342428" lon="6.840988"><ele>1438.6</ele></trkpt><trkpt lat="46.342454" lon="6.840832"><ele>1440.4</ele></trkpt><trkpt lat="46.342497" lon="6.840709"><ele>1442.8</ele></trkpt><trkpt lat="46.342583" lon="6.840575"><ele>1444.6</ele></trkpt><trkpt lat="46.342641" lon="6.840522"><ele>1446.8</ele></trkpt><trkpt lat="46.342736" lon="6.840539"><ele>1448.6</ele></trkpt><trkpt lat="46.342799" lon="6.840500"><ele>1449.8</ele></trkpt><trkpt lat="46.342862" lon="6.840500"><ele>1451.4</ele></trkpt><trkpt lat="46.342901" lon="6.840426"><ele>1453.0</ele></trkpt><trkpt lat="46.342978" lon="6.840350"><ele>1454.6</ele></trkpt><trkpt lat="46.343023" lon="6.840292"><ele>1455.8</ele></trkpt><trkpt lat="46.343113" lon="6.840134"><ele>1456.0</ele></trkpt><trkpt lat="46.343156" lon="6.839872"><ele>1454.2</ele></trkpt><trkpt lat="46.343189" lon="6.839510"><ele>1453.0</ele></trkpt><trkpt lat="46.343317" lon="6.839099"><ele>1452.2</ele></trkpt><trkpt lat="46.343364" lon="6.838966"><ele>1451.6</ele></trkpt><trkpt lat="46.343438" lon="6.838786"><ele>1450.4</ele></trkpt><trkpt lat="46.343577" lon="6.838508"><ele>1449.8</ele></trkpt><trkpt lat="46.343768" lon="6.838165"><ele>1448.2</ele></trkpt><trkpt lat="46.343851" lon="6.837961"><ele>1447.2</ele></trkpt><trkpt lat="46.343882" lon="6.837624"><ele>1446.2</ele></trkpt><trkpt lat="46.343957" lon="6.837288"><ele>1445.4</ele></trkpt><trkpt lat="46.343950" lon="6.837012"><ele>1444.2</ele></trkpt><trkpt lat="46.344018" lon="6.836578"><ele>1443.6</ele></trkpt><trkpt lat="46.344019" lon="6.836371"><ele>1443.4</ele></trkpt><trkpt lat="46.343802" lon="6.835961"><ele>1442.6</ele></trkpt><trkpt lat="46.343807" lon="6.835565"><ele>1441.4</ele></trkpt><trkpt lat="46.343872" lon="6.835290"><ele>1439.6</ele></trkpt><trkpt lat="46.343915" lon="6.834943"><ele>1438.2</ele></trkpt><trkpt lat="46.343907" lon="6.834799"><ele>1436.8</ele></trkpt><trkpt lat="46.343906" lon="6.834516"><ele>1435.2</ele></trkpt><trkpt lat="46.343978" lon="6.834211"><ele>1432.8</ele></trkpt><trkpt lat="46.344147" lon="6.833897"><ele>1431.2</ele></trkpt><trkpt lat="46.344422" lon="6.833451"><ele>1429.8</ele></trkpt><trkpt lat="46.344673" lon="6.833057"><ele>1429.6</ele></trkpt><trkpt lat="46.344925" lon="6.832628"><ele>1430.6</ele></trkpt><trkpt lat="46.345150" lon="6.832208"><ele>1430.8</ele></trkpt><trkpt lat="46.345287" lon="6.832020"><ele>1430.2</ele></trkpt><trkpt lat="46.345315" lon="6.831987"><ele>1429.8</ele></trkpt><trkpt lat="46.345316" lon="6.831989"><ele>1429.4</ele></trkpt><trkpt lat="46.345313" lon="6.831989"><ele>1429.0</ele></trkpt><trkpt lat="46.345307" lon="6.831961"><ele>1428.0</ele></trkpt><trkpt lat="46.345315" lon="6.831960"><ele>1428.0</ele></trkpt><trkpt lat="46.345306" lon="6.831987"><ele>1427.6</ele></trkpt><trkpt lat="46.345315" lon="6.831977"><ele>1427.2</ele></trkpt><trkpt lat="46.345309" lon="6.831990"><ele>1427.0</ele></trkpt><trkpt lat="46.345424" lon="6.832101"><ele>1428.4</ele></trkpt><trkpt lat="46.345436" lon="6.832107"><ele>1427.4</ele></trkpt><trkpt lat="46.345436" lon="6.832107"><ele>1427.4</ele></trkpt><trkpt lat="46.345493" lon="6.832090"><ele>1427.8</ele></trkpt><trkpt lat="46.345515" lon="6.832114"><ele>1426.8</ele></trkpt><trkpt lat="46.345526" lon="6.832114"><ele>1425.6</ele></trkpt><trkpt lat="46.345495" lon="6.832135"><ele>1424.6</ele></trkpt><trkpt lat="46.345505" lon="6.832139"><ele>1424.4</ele></trkpt><trkpt lat="46.345482" lon="6.832133"><ele>1424.0</ele></trkpt><trkpt lat="46.345493" lon="6.832145"><ele>1424.2</ele></trkpt><trkpt lat="46.345528" lon="6.832149"><ele>1423.6</ele></trkpt><trkpt lat="46.345479" lon="6.832146"><ele>1422.8</ele></trkpt><trkpt lat="46.345464" lon="6.832141"><ele>1422.8</ele></trkpt><trkpt lat="46.345369" lon="6.831898"><ele>1423.4</ele></trkpt><trkpt lat="46.345392" lon="6.831579"><ele>1423.6</ele></trkpt><trkpt lat="46.345396" lon="6.831424"><ele>1424.6</ele></trkpt><trkpt lat="46.345371" lon="6.831179"><ele>1425.2</ele></trkpt><trkpt lat="46.345367" lon="6.831077"><ele>1425.6</ele></trkpt><trkpt lat="46.345322" lon="6.830877"><ele>1426.4</ele></trkpt><trkpt lat="46.345288" lon="6.830427"><ele>1427.8</ele></trkpt><trkpt lat="46.345292" lon="6.830236"><ele>1429.8</ele></trkpt><trkpt lat="46.345319" lon="6.830019"><ele>1431.6</ele></trkpt><trkpt lat="46.345254" lon="6.829827"><ele>1433.0</ele></trkpt><trkpt lat="46.345250" lon="6.829708"><ele>1433.8</ele></trkpt><trkpt lat="46.345183" lon="6.829559"><ele>1434.4</ele></trkpt><trkpt lat="46.345095" lon="6.829435"><ele>1435.0</ele></trkpt><trkpt lat="46.344837" lon="6.829053"><ele>1435.4</ele></trkpt><trkpt lat="46.344701" lon="6.828817"><ele>1436.0</ele></trkpt><trkpt lat="46.344610" lon="6.828668"><ele>1436.8</ele></trkpt><trkpt lat="46.344493" lon="6.828578"><ele>1438.8</ele></trkpt><trkpt lat="46.344431" lon="6.828470"><ele>1439.2</ele></trkpt><trkpt lat="46.344430" lon="6.828349"><ele>1440.0</ele></trkpt><trkpt lat="46.344421" lon="6.828105"><ele>1442.2</ele></trkpt><trkpt lat="46.344407" lon="6.827888"><ele>1444.4</ele></trkpt><trkpt lat="46.344413" lon="6.827658"><ele>1446.6</ele></trkpt><trkpt lat="46.344422" lon="6.827386"><ele>1448.8</ele></trkpt><trkpt lat="46.344427" lon="6.827261"><ele>1449.4</ele></trkpt><trkpt lat="46.344448" lon="6.827088"><ele>1450.6</ele></trkpt><trkpt lat="46.344478" lon="6.826899"><ele>1451.6</ele></trkpt><trkpt lat="46.344546" lon="6.826698"><ele>1453.2</ele></trkpt><trkpt lat="46.344678" lon="6.826440"><ele>1455.0</ele></trkpt><trkpt lat="46.344787" lon="6.826268"><ele>1456.8</ele></trkpt><trkpt lat="46.344873" lon="6.826048"><ele>1459.0</ele></trkpt><trkpt lat="46.344921" lon="6.825863"><ele>1459.4</ele></trkpt><trkpt lat="46.344900" lon="6.825702"><ele>1460.0</ele></trkpt><trkpt lat="46.344923" lon="6.825536"><ele>1461.4</ele></trkpt><trkpt lat="46.344988" lon="6.825223"><ele>1461.4</ele></trkpt><trkpt lat="46.345021" lon="6.825014"><ele>1462.6</ele></trkpt><trkpt lat="46.344990" lon="6.824770"><ele>1463.2</ele></trkpt><trkpt lat="46.344992" lon="6.824477"><ele>1464.0</ele></trkpt><trkpt lat="46.344977" lon="6.824292"><ele>1465.0</ele></trkpt><trkpt lat="46.344961" lon="6.824101"><ele>1465.4</ele></trkpt><trkpt lat="46.344996" lon="6.823923"><ele>1466.4</ele></trkpt><trkpt lat="46.344947" lon="6.823735"><ele>1467.4</ele></trkpt><trkpt lat="46.344946" lon="6.823311"><ele>1469.2</ele></trkpt><trkpt lat="46.345117" lon="6.823119"><ele>1470.8</ele></trkpt><trkpt lat="46.345170" lon="6.822977"><ele>1472.6</ele></trkpt><trkpt lat="46.345155" lon="6.822728"><ele>1474.4</ele></trkpt><trkpt lat="46.345124" lon="6.822559"><ele>1474.4</ele></trkpt><trkpt lat="46.345072" lon="6.822201"><ele>1475.6</ele></trkpt><trkpt lat="46.344980" lon="6.822003"><ele>1476.6</ele></trkpt><trkpt lat="46.344972" lon="6.821885"><ele>1477.4</ele></trkpt><trkpt lat="46.345001" lon="6.821774"><ele>1478.2</ele></trkpt><trkpt lat="46.345020" lon="6.821664"><ele>1479.0</ele></trkpt><trkpt lat="46.344994" lon="6.821534"><ele>1480.0</ele></trkpt><trkpt lat="46.345039" lon="6.821413"><ele>1480.8</ele></trkpt><trkpt lat="46.345048" lon="6.821306"><ele>1482.2</ele></trkpt><trkpt lat="46.345050" lon="6.821180"><ele>1483.4</ele></trkpt><trkpt lat="46.345039" lon="6.820974"><ele>1485.0</ele></trkpt><trkpt lat="46.345019" lon="6.820815"><ele>1487.2</ele></trkpt><trkpt lat="46.345012" lon="6.820711"><ele>1488.4</ele></trkpt><trkpt lat="46.344943" lon="6.820577"><ele>1490.0</ele></trkpt><trkpt lat="46.344890" lon="6.820514"><ele>1491.2</ele></trkpt><trkpt lat="46.344876" lon="6.820361"><ele>1492.2</ele></trkpt><trkpt lat="46.344898" lon="6.820211"><ele>1494.0</ele></trkpt><trkpt lat="46.344887" lon="6.820037"><ele>1495.4</ele></trkpt><trkpt lat="46.344933" lon="6.819884"><ele>1497.0</ele></trkpt><trkpt lat="46.344980" lon="6.819785"><ele>1498.0</ele></trkpt><trkpt lat="46.345074" lon="6.819517"><ele>1500.2</ele></trkpt><trkpt lat="46.345083" lon="6.819431"><ele>1502.0</ele></trkpt><trkpt lat="46.345089" lon="6.819336"><ele>1504.2</ele></trkpt><trkpt lat="46.345112" lon="6.819218"><ele>1505.6</ele></trkpt><trkpt lat="46.345108" lon="6.819147"><ele>1506.8</ele></trkpt><trkpt lat="46.345138" lon="6.819083"><ele>1507.4</ele></trkpt><trkpt lat="46.345145" lon="6.818975"><ele>1508.8</ele></trkpt><trkpt lat="46.345098" lon="6.818894"><ele>1510.4</ele></trkpt><trkpt lat="46.345088" lon="6.818802"><ele>1511.6</ele></trkpt><trkpt lat="46.345054" lon="6.818725"><ele>1513.4</ele></trkpt><trkpt lat="46.345060" lon="6.818595"><ele>1514.6</ele></trkpt><trkpt lat="46.345051" lon="6.818454"><ele>1516.8</ele></trkpt><trkpt lat="46.345051" lon="6.818329"><ele>1519.0</ele></trkpt><trkpt lat="46.345013" lon="6.818239"><ele>1520.4</ele></trkpt><trkpt lat="46.345025" lon="6.818138"><ele>1522.0</ele></trkpt><trkpt lat="46.345014" lon="6.818034"><ele>1523.6</ele></trkpt><trkpt lat="46.344959" lon="6.817962"><ele>1525.0</ele></trkpt><trkpt lat="46.344975" lon="6.817838"><ele>1525.8</ele></trkpt><trkpt lat="46.344964" lon="6.817709"><ele>1528.0</ele></trkpt><trkpt lat="46.344960" lon="6.817617"><ele>1530.4</ele></trkpt><trkpt lat="46.344970" lon="6.817538"><ele>1531.4</ele></trkpt><trkpt lat="46.344955" lon="6.817464"><ele>1533.4</ele></trkpt><trkpt lat="46.344899" lon="6.817440"><ele>1535.2</ele></trkpt><trkpt lat="46.344855" lon="6.817475"><ele>1536.6</ele></trkpt><trkpt lat="46.344808" lon="6.817586"><ele>1538.8</ele></trkpt><trkpt lat="46.344767" lon="6.817648"><ele>1539.8</ele></trkpt><trkpt lat="46.344722" lon="6.817759"><ele>1542.4</ele></trkpt><trkpt lat="46.344689" lon="6.817874"><ele>1544.8</ele></trkpt><trkpt lat="46.344632" lon="6.817879"><ele>1547.4</ele></trkpt><trkpt lat="46.344598" lon="6.817784"><ele>1549.4</ele></trkpt><trkpt lat="46.344581" lon="6.817671"><ele>1551.6</ele></trkpt><trkpt lat="46.344563" lon="6.817565"><ele>1553.8</ele></trkpt><trkpt lat="46.344532" lon="6.817456"><ele>1555.2</ele></trkpt><trkpt lat="46.344552" lon="6.817319"><ele>1557.4</ele></trkpt><trkpt lat="46.344569" lon="6.817240"><ele>1559.2</ele></trkpt><trkpt lat="46.344573" lon="6.817168"><ele>1560.8</ele></trkpt><trkpt lat="46.344595" lon="6.817039"><ele>1563.2</ele></trkpt><trkpt lat="46.344632" lon="6.816951"><ele>1564.8</ele></trkpt><trkpt lat="46.344666" lon="6.816915"><ele>1566.4</ele></trkpt><trkpt lat="46.344729" lon="6.816840"><ele>1568.8</ele></trkpt><trkpt lat="46.344724" lon="6.816773"><ele>1570.2</ele></trkpt><trkpt lat="46.344708" lon="6.816731"><ele>1572.0</ele></trkpt><trkpt lat="46.344688" lon="6.816657"><ele>1573.2</ele></trkpt><trkpt lat="46.344643" lon="6.816601"><ele>1574.6</ele></trkpt><trkpt lat="46.344611" lon="6.816511"><ele>1576.4</ele></trkpt><trkpt lat="46.344582" lon="6.816486"><ele>1577.8</ele></trkpt><trkpt lat="46.344571" lon="6.816513"><ele>1578.8</ele></trkpt><trkpt lat="46.344566" lon="6.816641"><ele>1581.6</ele></trkpt><trkpt lat="46.344530" lon="6.816648"><ele>1583.0</ele></trkpt><trkpt lat="46.344486" lon="6.816581"><ele>1584.8</ele></trkpt><trkpt lat="46.344481" lon="6.816486"><ele>1586.6</ele></trkpt><trkpt lat="46.344462" lon="6.816392"><ele>1588.0</ele></trkpt><trkpt lat="46.344475" lon="6.816300"><ele>1590.0</ele></trkpt><trkpt lat="46.344498" lon="6.816220"><ele>1591.4</ele></trkpt><trkpt lat="46.344513" lon="6.816115"><ele>1593.6</ele></trkpt><trkpt lat="46.344489" lon="6.816028"><ele>1595.6</ele></trkpt><trkpt lat="46.344478" lon="6.815937"><ele>1597.0</ele></trkpt><trkpt lat="46.344461" lon="6.815772"><ele>1599.6</ele></trkpt><trkpt lat="46.344442" lon="6.815658"><ele>1601.4</ele></trkpt><trkpt lat="46.344429" lon="6.815549"><ele>1603.6</ele></trkpt><trkpt lat="46.344417" lon="6.815466"><ele>1605.4</ele></trkpt><trkpt lat="46.344393" lon="6.815362"><ele>1607.2</ele></trkpt><trkpt lat="46.344403" lon="6.815266"><ele>1609.0</ele></trkpt><trkpt lat="46.344392" lon="6.815206"><ele>1610.8</ele></trkpt><trkpt lat="46.344386" lon="6.815107"><ele>1612.8</ele></trkpt><trkpt lat="46.344397" lon="6.815005"><ele>1614.8</ele></trkpt><trkpt lat="46.344398" lon="6.814866"><ele>1617.2</ele></trkpt><trkpt lat="46.344418" lon="6.814727"><ele>1619.2</ele></trkpt><trkpt lat="46.344444" lon="6.814562"><ele>1621.2</ele></trkpt><trkpt lat="46.344451" lon="6.814473"><ele>1622.4</ele></trkpt><trkpt lat="46.344417" lon="6.814345"><ele>1624.4</ele></trkpt><trkpt lat="46.344403" lon="6.814141"><ele>1627.2</ele></trkpt><trkpt lat="46.344420" lon="6.814039"><ele>1629.2</ele></trkpt><trkpt lat="46.344419" lon="6.813916"><ele>1630.8</ele></trkpt><trkpt lat="46.344388" lon="6.813810"><ele>1632.4</ele></trkpt><trkpt lat="46.344347" lon="6.813687"><ele>1634.0</ele></trkpt><trkpt lat="46.344314" lon="6.813587"><ele>1635.6</ele></trkpt><trkpt lat="46.344287" lon="6.813435"><ele>1638.0</ele></trkpt><trkpt lat="46.344237" lon="6.813263"><ele>1640.4</ele></trkpt><trkpt lat="46.344193" lon="6.813228"><ele>1641.2</ele></trkpt><trkpt lat="46.344146" lon="6.813165"><ele>1642.0</ele></trkpt><trkpt lat="46.344108" lon="6.813133"><ele>1643.6</ele></trkpt><trkpt lat="46.344022" lon="6.813053"><ele>1645.6</ele></trkpt><trkpt lat="46.343992" lon="6.812865"><ele>1647.8</ele></trkpt><trkpt lat="46.343984" lon="6.812702"><ele>1649.6</ele></trkpt><trkpt lat="46.343948" lon="6.812520"><ele>1650.8</ele></trkpt><trkpt lat="46.343945" lon="6.812451"><ele>1652.6</ele></trkpt><trkpt lat="46.343988" lon="6.812350"><ele>1654.4</ele></trkpt><trkpt lat="46.344064" lon="6.812153"><ele>1656.8</ele></trkpt><trkpt lat="46.344137" lon="6.812002"><ele>1659.2</ele></trkpt><trkpt lat="46.344171" lon="6.811952"><ele>1660.2</ele></trkpt><trkpt lat="46.344231" lon="6.811812"><ele>1662.2</ele></trkpt><trkpt lat="46.344253" lon="6.811644"><ele>1664.4</ele></trkpt><trkpt lat="46.344323" lon="6.811548"><ele>1666.2</ele></trkpt><trkpt lat="46.344390" lon="6.811454"><ele>1667.4</ele></trkpt><trkpt lat="46.344450" lon="6.811305"><ele>1668.8</ele></trkpt><trkpt lat="46.344473" lon="6.811145"><ele>1670.2</ele></trkpt><trkpt lat="46.344497" lon="6.811047"><ele>1671.8</ele></trkpt><trkpt lat="46.344514" lon="6.810911"><ele>1673.4</ele></trkpt><trkpt lat="46.344520" lon="6.810773"><ele>1674.8</ele></trkpt><trkpt lat="46.344479" lon="6.810461"><ele>1676.8</ele></trkpt><trkpt lat="46.344505" lon="6.810120"><ele>1678.4</ele></trkpt><trkpt lat="46.344512" lon="6.810058"><ele>1679.8</ele></trkpt><trkpt lat="46.344553" lon="6.809830"><ele>1681.8</ele></trkpt><trkpt lat="46.344660" lon="6.809706"><ele>1684.4</ele></trkpt><trkpt lat="46.344749" lon="6.809644"><ele>1686.4</ele></trkpt><trkpt lat="46.344809" lon="6.809533"><ele>1687.4</ele></trkpt><trkpt lat="46.344897" lon="6.809393"><ele>1688.6</ele></trkpt><trkpt lat="46.344957" lon="6.809295"><ele>1689.6</ele></trkpt><trkpt lat="46.345049" lon="6.809151"><ele>1692.0</ele></trkpt><trkpt lat="46.345081" lon="6.809014"><ele>1694.2</ele></trkpt><trkpt lat="46.345111" lon="6.808873"><ele>1696.6</ele></trkpt><trkpt lat="46.345125" lon="6.808720"><ele>1698.6</ele></trkpt><trkpt lat="46.345154" lon="6.808584"><ele>1700.8</ele></trkpt><trkpt lat="46.345184" lon="6.808452"><ele>1703.4</ele></trkpt><trkpt lat="46.345240" lon="6.808342"><ele>1705.6</ele></trkpt><trkpt lat="46.345274" lon="6.808284"><ele>1706.8</ele></trkpt><trkpt lat="46.345309" lon="6.808190"><ele>1708.8</ele></trkpt><trkpt lat="46.345333" lon="6.808096"><ele>1710.8</ele></trkpt><trkpt lat="46.345356" lon="6.807963"><ele>1713.0</ele></trkpt><trkpt lat="46.345365" lon="6.807878"><ele>1715.2</ele></trkpt><trkpt lat="46.345399" lon="6.807765"><ele>1717.2</ele></trkpt><trkpt lat="46.345412" lon="6.807621"><ele>1719.6</ele></trkpt><trkpt lat="46.345416" lon="6.807560"><ele>1720.6</ele></trkpt><trkpt lat="46.345444" lon="6.807458"><ele>1722.8</ele></trkpt><trkpt lat="46.345451" lon="6.807325"><ele>1724.8</ele></trkpt><trkpt lat="46.345450" lon="6.807229"><ele>1726.2</ele></trkpt><trkpt lat="46.345459" lon="6.807118"><ele>1728.4</ele></trkpt><trkpt lat="46.345467" lon="6.807008"><ele>1730.6</ele></trkpt><trkpt lat="46.345509" lon="6.806855"><ele>1733.0</ele></trkpt><trkpt lat="46.345597" lon="6.806750"><ele>1735.0</ele></trkpt><trkpt lat="46.345654" lon="6.806688"><ele>1736.0</ele></trkpt><trkpt lat="46.345686" lon="6.806584"><ele>1739.0</ele></trkpt><trkpt lat="46.345750" lon="6.806439"><ele>1740.6</ele></trkpt><trkpt lat="46.345745" lon="6.806357"><ele>1742.4</ele></trkpt><trkpt lat="46.345715" lon="6.806160"><ele>1744.6</ele></trkpt><trkpt lat="46.345710" lon="6.806055"><ele>1746.0</ele></trkpt><trkpt lat="46.345705" lon="6.805870"><ele>1748.0</ele></trkpt><trkpt lat="46.345728" lon="6.805702"><ele>1750.2</ele></trkpt><trkpt lat="46.345786" lon="6.805537"><ele>1751.4</ele></trkpt><trkpt lat="46.345915" lon="6.805268"><ele>1753.2</ele></trkpt><trkpt lat="46.345962" lon="6.805074"><ele>1754.8</ele></trkpt><trkpt lat="46.346011" lon="6.804854"><ele>1756.2</ele></trkpt><trkpt lat="46.346037" lon="6.804677"><ele>1757.8</ele></trkpt><trkpt lat="46.346042" lon="6.804531"><ele>1759.0</ele></trkpt><trkpt lat="46.346062" lon="6.804275"><ele>1761.0</ele></trkpt><trkpt lat="46.346069" lon="6.804197"><ele>1761.8</ele></trkpt><trkpt lat="46.346104" lon="6.804116"><ele>1763.0</ele></trkpt><trkpt lat="46.346157" lon="6.804016"><ele>1764.6</ele></trkpt><trkpt lat="46.346198" lon="6.803873"><ele>1766.6</ele></trkpt><trkpt lat="46.346189" lon="6.803765"><ele>1768.4</ele></trkpt><trkpt lat="46.346172" lon="6.803648"><ele>1770.0</ele></trkpt><trkpt lat="46.346145" lon="6.803352"><ele>1772.2</ele></trkpt><trkpt lat="46.346064" lon="6.803203"><ele>1773.2</ele></trkpt><trkpt lat="46.345991" lon="6.803186"><ele>1774.4</ele></trkpt><trkpt lat="46.345915" lon="6.803154"><ele>1775.8</ele></trkpt><trkpt lat="46.345868" lon="6.803057"><ele>1777.4</ele></trkpt><trkpt lat="46.345869" lon="6.802950"><ele>1778.6</ele></trkpt><trkpt lat="46.345820" lon="6.802764"><ele>1781.0</ele></trkpt><trkpt lat="46.345747" lon="6.802561"><ele>1783.0</ele></trkpt><trkpt lat="46.345721" lon="6.802448"><ele>1784.0</ele></trkpt><trkpt lat="46.345673" lon="6.802238"><ele>1786.0</ele></trkpt><trkpt lat="46.345642" lon="6.802135"><ele>1787.4</ele></trkpt><trkpt lat="46.345596" lon="6.801984"><ele>1789.0</ele></trkpt><trkpt lat="46.345511" lon="6.801731"><ele>1791.8</ele></trkpt><trkpt lat="46.345451" lon="6.801557"><ele>1794.6</ele></trkpt><trkpt lat="46.345359" lon="6.801477"><ele>1796.2</ele></trkpt><trkpt lat="46.345229" lon="6.801321"><ele>1798.4</ele></trkpt><trkpt lat="46.345141" lon="6.801196"><ele>1801.6</ele></trkpt><trkpt lat="46.344806" lon="6.801044"><ele>1802.6</ele></trkpt><trkpt lat="46.344558" lon="6.800852"><ele>1803.2</ele></trkpt><trkpt lat="46.344499" lon="6.800668"><ele>1803.8</ele></trkpt><trkpt lat="46.344486" lon="6.800511"><ele>1804.4</ele></trkpt><trkpt lat="46.344473" lon="6.800331"><ele>1805.4</ele></trkpt><trkpt lat="46.344444" lon="6.800167"><ele>1806.6</ele></trkpt><trkpt lat="46.344374" lon="6.799953"><ele>1807.2</ele></trkpt><trkpt lat="46.344308" lon="6.799655"><ele>1809.0</ele></trkpt><trkpt lat="46.344268" lon="6.799495"><ele>1809.4</ele></trkpt><trkpt lat="46.344095" lon="6.799233"><ele>1810.2</ele></trkpt><trkpt lat="46.344035" lon="6.798864"><ele>1810.6</ele></trkpt><trkpt lat="46.343927" lon="6.798562"><ele>1812.0</ele></trkpt><trkpt lat="46.343836" lon="6.798358"><ele>1813.6</ele></trkpt><trkpt lat="46.343725" lon="6.798161"><ele>1816.0</ele></trkpt><trkpt lat="46.343569" lon="6.797832"><ele>1816.4</ele></trkpt><trkpt lat="46.343564" lon="6.797660"><ele>1817.2</ele></trkpt><trkpt lat="46.343488" lon="6.797374"><ele>1819.2</ele></trkpt><trkpt lat="46.343364" lon="6.797193"><ele>1820.6</ele></trkpt><trkpt lat="46.343160" lon="6.797063"><ele>1822.0</ele></trkpt><trkpt lat="46.343081" lon="6.796893"><ele>1823.8</ele></trkpt><trkpt lat="46.343129" lon="6.796591"><ele>1825.4</ele></trkpt><trkpt lat="46.343151" lon="6.796316"><ele>1827.2</ele></trkpt><trkpt lat="46.343273" lon="6.796109"><ele>1830.8</ele></trkpt><trkpt lat="46.343342" lon="6.795913"><ele>1831.4</ele></trkpt><trkpt lat="46.343414" lon="6.795729"><ele>1832.2</ele></trkpt><trkpt lat="46.343430" lon="6.795677"><ele>1832.8</ele></trkpt><trkpt lat="46.343482" lon="6.795438"><ele>1833.8</ele></trkpt><trkpt lat="46.343507" lon="6.795192"><ele>1835.6</ele></trkpt><trkpt lat="46.343596" lon="6.794981"><ele>1835.6</ele></trkpt><trkpt lat="46.343701" lon="6.794667"><ele>1836.2</ele></trkpt><trkpt lat="46.343767" lon="6.794251"><ele>1836.6</ele></trkpt><trkpt lat="46.343818" lon="6.794007"><ele>1838.8</ele></trkpt><trkpt lat="46.343876" lon="6.793814"><ele>1841.4</ele></trkpt><trkpt lat="46.343904" lon="6.793555"><ele>1843.6</ele></trkpt><trkpt lat="46.343961" lon="6.793365"><ele>1843.4</ele></trkpt><trkpt lat="46.344062" lon="6.793160"><ele>1843.4</ele></trkpt><trkpt lat="46.344079" lon="6.793132"><ele>1841.8</ele></trkpt><trkpt lat="46.344139" lon="6.792991"><ele>1843.6</ele></trkpt><trkpt lat="46.344278" lon="6.792641"><ele>1843.4</ele></trkpt><trkpt lat="46.344356" lon="6.792787"><ele>1844.8</ele></trkpt><trkpt lat="46.344435" lon="6.792915"><ele>1845.2</ele></trkpt><trkpt lat="46.344584" lon="6.792849"><ele>1846.6</ele></trkpt><trkpt lat="46.344689" lon="6.792865"><ele>1847.8</ele></trkpt><trkpt lat="46.344897" lon="6.792763"><ele>1847.8</ele></trkpt><trkpt lat="46.345046" lon="6.792755"><ele>1849.2</ele></trkpt><trkpt lat="46.345253" lon="6.792589"><ele>1849.2</ele></trkpt><trkpt lat="46.345302" lon="6.792576"><ele>1848.8</ele></trkpt><trkpt lat="46.345335" lon="6.792580"><ele>1847.2</ele></trkpt><trkpt lat="46.345457" lon="6.792408"><ele>1850.0</ele></trkpt><trkpt lat="46.345530" lon="6.792335"><ele>1851.2</ele></trkpt><trkpt lat="46.345608" lon="6.792091"><ele>1851.6</ele></trkpt><trkpt lat="46.345628" lon="6.791790"><ele>1850.4</ele></trkpt><trkpt lat="46.345773" lon="6.791739"><ele>1851.0</ele></trkpt><trkpt lat="46.345805" lon="6.791488"><ele>1852.0</ele></trkpt><trkpt lat="46.345816" lon="6.791299"><ele>1852.8</ele></trkpt><trkpt lat="46.345840" lon="6.790889"><ele>1853.0</ele></trkpt><trkpt lat="46.346015" lon="6.790726"><ele>1851.8</ele></trkpt><trkpt lat="46.346122" lon="6.790706"><ele>1850.6</ele></trkpt><trkpt lat="46.346314" lon="6.790643"><ele>1848.6</ele></trkpt><trkpt lat="46.346393" lon="6.790638"><ele>1846.4</ele></trkpt><trkpt lat="46.346457" lon="6.790525"><ele>1845.4</ele></trkpt><trkpt lat="46.346597" lon="6.790280"><ele>1844.2</ele></trkpt><trkpt lat="46.346603" lon="6.790247"><ele>1843.0</ele></trkpt><trkpt lat="46.346638" lon="6.790199"><ele>1842.2</ele></trkpt><trkpt lat="46.346639" lon="6.790194"><ele>1840.4</ele></trkpt><trkpt lat="46.346804" lon="6.789930"><ele>1840.0</ele></trkpt><trkpt lat="46.347099" lon="6.789709"><ele>1840.6</ele></trkpt><trkpt lat="46.347255" lon="6.789596"><ele>1842.8</ele></trkpt><trkpt lat="46.347312" lon="6.789542"><ele>1844.8</ele></trkpt><trkpt lat="46.347335" lon="6.789481"><ele>1846.2</ele></trkpt><trkpt lat="46.347388" lon="6.789376"><ele>1847.6</ele></trkpt><trkpt lat="46.347598" lon="6.789179"><ele>1847.0</ele></trkpt><trkpt lat="46.347706" lon="6.789076"><ele>1846.8</ele></trkpt><trkpt lat="46.347763" lon="6.788936"><ele>1847.2</ele></trkpt><trkpt lat="46.347853" lon="6.788812"><ele>1848.6</ele></trkpt><trkpt lat="46.347990" lon="6.788690"><ele>1849.4</ele></trkpt><trkpt lat="46.348096" lon="6.788662"><ele>1850.0</ele></trkpt><trkpt lat="46.348133" lon="6.788684"><ele>1850.6</ele></trkpt><trkpt lat="46.348205" lon="6.788630"><ele>1852.2</ele></trkpt><trkpt lat="46.348266" lon="6.788576"><ele>1853.8</ele></trkpt><trkpt lat="46.348327" lon="6.788590"><ele>1855.2</ele></trkpt><trkpt lat="46.348409" lon="6.788528"><ele>1855.8</ele></trkpt><trkpt lat="46.348532" lon="6.788423"><ele>1856.6</ele></trkpt><trkpt lat="46.348588" lon="6.788382"><ele>1854.2</ele></trkpt><trkpt lat="46.348654" lon="6.788350"><ele>1852.0</ele></trkpt><trkpt lat="46.348708" lon="6.788305"><ele>1849.6</ele></trkpt><trkpt lat="46.348742" lon="6.788267"><ele>1847.2</ele></trkpt><trkpt lat="46.348705" lon="6.788205"><ele>1844.6</ele></trkpt><trkpt lat="46.348704" lon="6.788135"><ele>1842.8</ele></trkpt><trkpt lat="46.348743" lon="6.788059"><ele>1840.8</ele></trkpt><trkpt lat="46.348789" lon="6.788029"><ele>1838.8</ele></trkpt><trkpt lat="46.348852" lon="6.787980"><ele>1835.8</ele></trkpt><trkpt lat="46.348878" lon="6.787881"><ele>1833.8</ele></trkpt><trkpt lat="46.348926" lon="6.787758"><ele>1829.8</ele></trkpt><trkpt lat="46.348965" lon="6.787652"><ele>1827.0</ele></trkpt><trkpt lat="46.348939" lon="6.787600"><ele>1824.8</ele></trkpt><trkpt lat="46.348936" lon="6.787510"><ele>1821.8</ele></trkpt><trkpt lat="46.348958" lon="6.787393"><ele>1818.2</ele></trkpt><trkpt lat="46.349087" lon="6.787447"><ele>1815.4</ele></trkpt><trkpt lat="46.349125" lon="6.787442"><ele>1813.6</ele></trkpt><trkpt lat="46.349086" lon="6.787338"><ele>1811.2</ele></trkpt><trkpt lat="46.349131" lon="6.787237"><ele>1808.6</ele></trkpt><trkpt lat="46.349187" lon="6.787175"><ele>1806.4</ele></trkpt><trkpt lat="46.349217" lon="6.787121"><ele>1804.4</ele></trkpt><trkpt lat="46.349175" lon="6.787123"><ele>1803.2</ele></trkpt><trkpt lat="46.349165" lon="6.787088"><ele>1801.0</ele></trkpt><trkpt lat="46.349228" lon="6.786963"><ele>1798.2</ele></trkpt><trkpt lat="46.349267" lon="6.786846"><ele>1796.0</ele></trkpt><trkpt lat="46.349366" lon="6.786923"><ele>1793.2</ele></trkpt><trkpt lat="46.349396" lon="6.786955"><ele>1791.8</ele></trkpt><trkpt lat="46.349507" lon="6.787060"><ele>1787.8</ele></trkpt><trkpt lat="46.349541" lon="6.787085"><ele>1785.6</ele></trkpt><trkpt lat="46.349585" lon="6.787080"><ele>1783.2</ele></trkpt><trkpt lat="46.349571" lon="6.787015"><ele>1782.2</ele></trkpt><trkpt lat="46.349566" lon="6.786864"><ele>1780.0</ele></trkpt><trkpt lat="46.349558" lon="6.786801"><ele>1778.4</ele></trkpt><trkpt lat="46.349598" lon="6.786720"><ele>1776.0</ele></trkpt><trkpt lat="46.349565" lon="6.786717"><ele>1775.2</ele></trkpt><trkpt lat="46.349554" lon="6.786671"><ele>1773.6</ele></trkpt><trkpt lat="46.349570" lon="6.786585"><ele>1772.4</ele></trkpt><trkpt lat="46.349575" lon="6.786504"><ele>1771.4</ele></trkpt><trkpt lat="46.349641" lon="6.786461"><ele>1770.2</ele></trkpt><trkpt lat="46.349683" lon="6.786271"><ele>1768.8</ele></trkpt><trkpt lat="46.349729" lon="6.786110"><ele>1768.0</ele></trkpt><trkpt lat="46.349806" lon="6.786023"><ele>1766.8</ele></trkpt><trkpt lat="46.349828" lon="6.785983"><ele>1765.6</ele></trkpt><trkpt lat="46.349858" lon="6.786113"><ele>1763.8</ele></trkpt><trkpt lat="46.349863" lon="6.786222"><ele>1761.4</ele></trkpt><trkpt lat="46.349884" lon="6.786325"><ele>1760.0</ele></trkpt><trkpt lat="46.349896" lon="6.786383"><ele>1758.0</ele></trkpt><trkpt lat="46.349893" lon="6.786466"><ele>1755.8</ele></trkpt><trkpt lat="46.349920" lon="6.786360"><ele>1753.8</ele></trkpt><trkpt lat="46.349954" lon="6.786271"><ele>1751.4</ele></trkpt><trkpt lat="46.350013" lon="6.786201"><ele>1749.4</ele></trkpt><trkpt lat="46.350071" lon="6.786250"><ele>1748.0</ele></trkpt><trkpt lat="46.350095" lon="6.786357"><ele>1746.8</ele></trkpt><trkpt lat="46.350093" lon="6.786453"><ele>1745.2</ele></trkpt><trkpt lat="46.350110" lon="6.786408"><ele>1743.6</ele></trkpt><trkpt lat="46.350170" lon="6.786352"><ele>1741.0</ele></trkpt><trkpt lat="46.350261" lon="6.786311"><ele>1738.4</ele></trkpt><trkpt lat="46.350282" lon="6.786305"><ele>1737.4</ele></trkpt><trkpt lat="46.350360" lon="6.786281"><ele>1734.2</ele></trkpt><trkpt lat="46.350439" lon="6.786327"><ele>1731.2</ele></trkpt><trkpt lat="46.350422" lon="6.786458"><ele>1729.6</ele></trkpt><trkpt lat="46.350418" lon="6.786551"><ele>1726.8</ele></trkpt><trkpt lat="46.350453" lon="6.786535"><ele>1725.2</ele></trkpt><trkpt lat="46.350527" lon="6.786550"><ele>1722.0</ele></trkpt><trkpt lat="46.350496" lon="6.786688"><ele>1719.6</ele></trkpt><trkpt lat="46.350474" lon="6.786807"><ele>1716.8</ele></trkpt><trkpt lat="46.350409" lon="6.786991"><ele>1714.4</ele></trkpt><trkpt lat="46.350419" lon="6.787040"><ele>1711.6</ele></trkpt><trkpt lat="46.350519" lon="6.787046"><ele>1709.4</ele></trkpt><trkpt lat="46.350600" lon="6.787030"><ele>1705.4</ele></trkpt><trkpt lat="46.350699" lon="6.787054"><ele>1703.0</ele></trkpt><trkpt lat="46.350787" lon="6.787053"><ele>1700.0</ele></trkpt><trkpt lat="46.350881" lon="6.787048"><ele>1697.8</ele></trkpt><trkpt lat="46.350997" lon="6.787064"><ele>1695.0</ele></trkpt><trkpt lat="46.351088" lon="6.787061"><ele>1692.0</ele></trkpt><trkpt lat="46.351161" lon="6.787063"><ele>1689.6</ele></trkpt><trkpt lat="46.351268" lon="6.787089"><ele>1687.8</ele></trkpt><trkpt lat="46.351361" lon="6.787078"><ele>1684.4</ele></trkpt><trkpt lat="46.351442" lon="6.787099"><ele>1682.0</ele></trkpt><trkpt lat="46.351539" lon="6.787145"><ele>1679.6</ele></trkpt><trkpt lat="46.351615" lon="6.787110"><ele>1677.4</ele></trkpt><trkpt lat="46.351740" lon="6.787013"><ele>1676.0</ele></trkpt><trkpt lat="46.351844" lon="6.786948"><ele>1675.2</ele></trkpt><trkpt lat="46.351914" lon="6.786913"><ele>1674.0</ele></trkpt><trkpt lat="46.351943" lon="6.786955"><ele>1672.2</ele></trkpt><trkpt lat="46.351948" lon="6.786974"><ele>1670.0</ele></trkpt><trkpt lat="46.351953" lon="6.786978"><ele>1667.8</ele></trkpt><trkpt lat="46.351969" lon="6.786926"><ele>1667.0</ele></trkpt><trkpt lat="46.352141" lon="6.786795"><ele>1667.2</ele></trkpt><trkpt lat="46.352251" lon="6.786781"><ele>1664.2</ele></trkpt><trkpt lat="46.352295" lon="6.786752"><ele>1662.6</ele></trkpt><trkpt lat="46.352332" lon="6.786689"><ele>1661.6</ele></trkpt><trkpt lat="46.352400" lon="6.786574"><ele>1662.0</ele></trkpt><trkpt lat="46.352545" lon="6.786479"><ele>1659.4</ele></trkpt><trkpt lat="46.352705" lon="6.786403"><ele>1657.8</ele></trkpt><trkpt lat="46.352848" lon="6.786323"><ele>1656.6</ele></trkpt><trkpt lat="46.352899" lon="6.786306"><ele>1656.2</ele></trkpt><trkpt lat="46.353008" lon="6.786273"><ele>1656.4</ele></trkpt><trkpt lat="46.353062" lon="6.786237"><ele>1657.2</ele></trkpt><trkpt lat="46.353137" lon="6.786196"><ele>1658.6</ele></trkpt><trkpt lat="46.353227" lon="6.786168"><ele>1660.6</ele></trkpt><trkpt lat="46.353262" lon="6.786144"><ele>1662.0</ele></trkpt><trkpt lat="46.353323" lon="6.786065"><ele>1664.2</ele></trkpt><trkpt lat="46.353389" lon="6.786023"><ele>1665.4</ele></trkpt><trkpt lat="46.353465" lon="6.785976"><ele>1667.2</ele></trkpt><trkpt lat="46.353524" lon="6.785898"><ele>1668.4</ele></trkpt><trkpt lat="46.353565" lon="6.785883"><ele>1669.6</ele></trkpt><trkpt lat="46.353601" lon="6.785848"><ele>1670.6</ele></trkpt><trkpt lat="46.353681" lon="6.785854"><ele>1672.0</ele></trkpt><trkpt lat="46.353728" lon="6.785827"><ele>1673.8</ele></trkpt><trkpt lat="46.353762" lon="6.785795"><ele>1674.8</ele></trkpt><trkpt lat="46.353819" lon="6.785769"><ele>1676.8</ele></trkpt><trkpt lat="46.353872" lon="6.785752"><ele>1678.2</ele></trkpt><trkpt lat="46.353932" lon="6.785713"><ele>1680.4</ele></trkpt><trkpt lat="46.353975" lon="6.785697"><ele>1681.4</ele></trkpt><trkpt lat="46.354015" lon="6.785687"><ele>1682.4</ele></trkpt><trkpt lat="46.354084" lon="6.785657"><ele>1684.6</ele></trkpt><trkpt lat="46.354217" lon="6.785580"><ele>1687.8</ele></trkpt><trkpt lat="46.354317" lon="6.785529"><ele>1690.2</ele></trkpt><trkpt lat="46.354398" lon="6.785516"><ele>1691.8</ele></trkpt><trkpt lat="46.354462" lon="6.785504"><ele>1693.6</ele></trkpt><trkpt lat="46.354547" lon="6.785504"><ele>1695.8</ele></trkpt><trkpt lat="46.354618" lon="6.785514"><ele>1697.8</ele></trkpt><trkpt lat="46.354690" lon="6.785509"><ele>1699.8</ele></trkpt><trkpt lat="46.354738" lon="6.785458"><ele>1702.0</ele></trkpt><trkpt lat="46.354705" lon="6.785368"><ele>1704.2</ele></trkpt><trkpt lat="46.354695" lon="6.785258"><ele>1706.0</ele></trkpt><trkpt lat="46.354669" lon="6.785194"><ele>1707.6</ele></trkpt><trkpt lat="46.354592" lon="6.785106"><ele>1709.8</ele></trkpt><trkpt lat="46.354563" lon="6.785010"><ele>1711.8</ele></trkpt><trkpt lat="46.354516" lon="6.784894"><ele>1714.2</ele></trkpt><trkpt lat="46.354491" lon="6.784775"><ele>1716.4</ele></trkpt><trkpt lat="46.354475" lon="6.784699"><ele>1718.6</ele></trkpt><trkpt lat="46.354403" lon="6.784623"><ele>1720.6</ele></trkpt><trkpt lat="46.354372" lon="6.784532"><ele>1722.4</ele></trkpt><trkpt lat="46.354332" lon="6.784445"><ele>1725.2</ele></trkpt><trkpt lat="46.354294" lon="6.784384"><ele>1727.2</ele></trkpt><trkpt lat="46.354247" lon="6.784250"><ele>1730.6</ele></trkpt><trkpt lat="46.354212" lon="6.784172"><ele>1732.6</ele></trkpt><trkpt lat="46.354208" lon="6.784127"><ele>1734.0</ele></trkpt><trkpt lat="46.354211" lon="6.784062"><ele>1735.6</ele></trkpt><trkpt lat="46.354154" lon="6.784007"><ele>1737.6</ele></trkpt><trkpt lat="46.354155" lon="6.783925"><ele>1739.4</ele></trkpt><trkpt lat="46.354156" lon="6.783819"><ele>1741.6</ele></trkpt><trkpt lat="46.354152" lon="6.783731"><ele>1743.4</ele></trkpt><trkpt lat="46.354124" lon="6.783643"><ele>1745.2</ele></trkpt><trkpt lat="46.354064" lon="6.783575"><ele>1747.8</ele></trkpt><trkpt lat="46.354099" lon="6.783530"><ele>1749.2</ele></trkpt><trkpt lat="46.354137" lon="6.783479"><ele>1751.2</ele></trkpt><trkpt lat="46.354143" lon="6.783413"><ele>1753.2</ele></trkpt><trkpt lat="46.354108" lon="6.783320"><ele>1752.4</ele></trkpt><trkpt lat="46.354106" lon="6.783247"><ele>1750.4</ele></trkpt><trkpt lat="46.354177" lon="6.783250"><ele>1748.6</ele></trkpt><trkpt lat="46.354161" lon="6.783123"><ele>1746.2</ele></trkpt><trkpt lat="46.354259" lon="6.783071"><ele>1743.6</ele></trkpt><trkpt lat="46.354299" lon="6.782999"><ele>1741.2</ele></trkpt><trkpt lat="46.354321" lon="6.782903"><ele>1738.8</ele></trkpt><trkpt lat="46.354311" lon="6.782853"><ele>1737.6</ele></trkpt><trkpt lat="46.354256" lon="6.782838"><ele>1736.2</ele></trkpt><trkpt lat="46.354191" lon="6.782855"><ele>1733.4</ele></trkpt><trkpt lat="46.354108" lon="6.782799"><ele>1731.6</ele></trkpt><trkpt lat="46.354024" lon="6.782721"><ele>1728.2</ele></trkpt><trkpt lat="46.354004" lon="6.782657"><ele>1726.4</ele></trkpt><trkpt lat="46.353969" lon="6.782569"><ele>1723.4</ele></trkpt><trkpt lat="46.353898" lon="6.782514"><ele>1721.2</ele></trkpt><trkpt lat="46.353814" lon="6.782421"><ele>1719.2</ele></trkpt><trkpt lat="46.353852" lon="6.782340"><ele>1717.2</ele></trkpt><trkpt lat="46.353894" lon="6.782274"><ele>1715.4</ele></trkpt><trkpt lat="46.353943" lon="6.782278"><ele>1714.2</ele></trkpt><trkpt lat="46.353982" lon="6.782214"><ele>1712.0</ele></trkpt><trkpt lat="46.353969" lon="6.782148"><ele>1710.8</ele></trkpt><trkpt lat="46.353978" lon="6.782080"><ele>1709.0</ele></trkpt><trkpt lat="46.354003" lon="6.781978"><ele>1707.6</ele></trkpt><trkpt lat="46.354028" lon="6.781926"><ele>1707.2</ele></trkpt><trkpt lat="46.354040" lon="6.781873"><ele>1705.0</ele></trkpt><trkpt lat="46.353963" lon="6.781875"><ele>1702.8</ele></trkpt><trkpt lat="46.353998" lon="6.781763"><ele>1701.4</ele></trkpt><trkpt lat="46.353974" lon="6.781707"><ele>1699.2</ele></trkpt><trkpt lat="46.353952" lon="6.781608"><ele>1697.6</ele></trkpt><trkpt lat="46.353921" lon="6.781508"><ele>1695.8</ele></trkpt><trkpt lat="46.353891" lon="6.781430"><ele>1693.2</ele></trkpt><trkpt lat="46.353899" lon="6.781318"><ele>1690.6</ele></trkpt><trkpt lat="46.353874" lon="6.781271"><ele>1689.4</ele></trkpt><trkpt lat="46.353848" lon="6.781204"><ele>1687.6</ele></trkpt><trkpt lat="46.353819" lon="6.781102"><ele>1686.0</ele></trkpt><trkpt lat="46.353788" lon="6.780987"><ele>1683.4</ele></trkpt><trkpt lat="46.353733" lon="6.780910"><ele>1681.4</ele></trkpt><trkpt lat="46.353697" lon="6.780879"><ele>1679.8</ele></trkpt><trkpt lat="46.353621" lon="6.780814"><ele>1676.8</ele></trkpt><trkpt lat="46.353598" lon="6.780767"><ele>1675.2</ele></trkpt><trkpt lat="46.353556" lon="6.780727"><ele>1673.8</ele></trkpt><trkpt lat="46.353458" lon="6.780581"><ele>1672.0</ele></trkpt><trkpt lat="46.353424" lon="6.780436"><ele>1669.2</ele></trkpt><trkpt lat="46.353373" lon="6.780263"><ele>1666.6</ele></trkpt><trkpt lat="46.353311" lon="6.780182"><ele>1664.4</ele></trkpt><trkpt lat="46.353302" lon="6.780146"><ele>1663.4</ele></trkpt><trkpt lat="46.353277" lon="6.780062"><ele>1660.8</ele></trkpt><trkpt lat="46.353245" lon="6.780009"><ele>1658.6</ele></trkpt><trkpt lat="46.353236" lon="6.779954"><ele>1658.0</ele></trkpt><trkpt lat="46.353237" lon="6.779883"><ele>1655.4</ele></trkpt><trkpt lat="46.353154" lon="6.779705"><ele>1652.8</ele></trkpt><trkpt lat="46.353114" lon="6.779600"><ele>1650.2</ele></trkpt><trkpt lat="46.353095" lon="6.779497"><ele>1647.6</ele></trkpt><trkpt lat="46.353097" lon="6.779452"><ele>1645.4</ele></trkpt><trkpt lat="46.353092" lon="6.779366"><ele>1643.6</ele></trkpt><trkpt lat="46.353077" lon="6.779245"><ele>1640.2</ele></trkpt><trkpt lat="46.353107" lon="6.779157"><ele>1638.0</ele></trkpt><trkpt lat="46.353134" lon="6.779057"><ele>1635.0</ele></trkpt><trkpt lat="46.353185" lon="6.779104"><ele>1633.2</ele></trkpt><trkpt lat="46.353287" lon="6.779171"><ele>1630.6</ele></trkpt><trkpt lat="46.353398" lon="6.779304"><ele>1627.0</ele></trkpt><trkpt lat="46.353428" lon="6.779226"><ele>1625.2</ele></trkpt><trkpt lat="46.353457" lon="6.779075"><ele>1622.2</ele></trkpt><trkpt lat="46.353461" lon="6.778949"><ele>1618.8</ele></trkpt><trkpt lat="46.353464" lon="6.778851"><ele>1616.6</ele></trkpt><trkpt lat="46.353469" lon="6.778720"><ele>1613.2</ele></trkpt><trkpt lat="46.353482" lon="6.778647"><ele>1611.0</ele></trkpt><trkpt lat="46.353526" lon="6.778580"><ele>1609.4</ele></trkpt><trkpt lat="46.353560" lon="6.778415"><ele>1605.8</ele></trkpt><trkpt lat="46.353556" lon="6.778257"><ele>1602.2</ele></trkpt><trkpt lat="46.353616" lon="6.778274"><ele>1600.4</ele></trkpt><trkpt lat="46.353626" lon="6.778152"><ele>1597.0</ele></trkpt><trkpt lat="46.353610" lon="6.778011"><ele>1594.6</ele></trkpt><trkpt lat="46.353561" lon="6.777916"><ele>1592.2</ele></trkpt><trkpt lat="46.353507" lon="6.777811"><ele>1588.8</ele></trkpt><trkpt lat="46.353499" lon="6.777744"><ele>1586.4</ele></trkpt><trkpt lat="46.353532" lon="6.777701"><ele>1584.8</ele></trkpt><trkpt lat="46.353606" lon="6.777578"><ele>1581.8</ele></trkpt><trkpt lat="46.353656" lon="6.777515"><ele>1579.2</ele></trkpt><trkpt lat="46.353691" lon="6.777468"><ele>1577.6</ele></trkpt><trkpt lat="46.353610" lon="6.777455"><ele>1575.4</ele></trkpt><trkpt lat="46.353557" lon="6.777437"><ele>1573.4</ele></trkpt><trkpt lat="46.353568" lon="6.777313"><ele>1570.2</ele></trkpt><trkpt lat="46.353678" lon="6.777185"><ele>1567.4</ele></trkpt><trkpt lat="46.353607" lon="6.777171"><ele>1564.6</ele></trkpt><trkpt lat="46.353511" lon="6.777198"><ele>1562.2</ele></trkpt><trkpt lat="46.353407" lon="6.777185"><ele>1559.8</ele></trkpt><trkpt lat="46.353424" lon="6.777068"><ele>1558.6</ele></trkpt><trkpt lat="46.353413" lon="6.776999"><ele>1556.4</ele></trkpt><trkpt lat="46.353410" lon="6.777011"><ele>1554.0</ele></trkpt><trkpt lat="46.353437" lon="6.776940"><ele>1552.6</ele></trkpt><trkpt lat="46.353488" lon="6.776862"><ele>1550.8</ele></trkpt><trkpt lat="46.353475" lon="6.776830"><ele>1548.6</ele></trkpt><trkpt lat="46.353444" lon="6.776769"><ele>1546.0</ele></trkpt><trkpt lat="46.353427" lon="6.776739"><ele>1543.8</ele></trkpt><trkpt lat="46.353425" lon="6.776634"><ele>1541.0</ele></trkpt><trkpt lat="46.353401" lon="6.776574"><ele>1538.6</ele></trkpt><trkpt lat="46.353398" lon="6.776498"><ele>1536.4</ele></trkpt><trkpt lat="46.353452" lon="6.776376"><ele>1533.8</ele></trkpt><trkpt lat="46.353494" lon="6.776272"><ele>1531.4</ele></trkpt><trkpt lat="46.353515" lon="6.776233"><ele>1530.4</ele></trkpt><trkpt lat="46.353499" lon="6.776157"><ele>1528.0</ele></trkpt><trkpt lat="46.353511" lon="6.776038"><ele>1525.4</ele></trkpt><trkpt lat="46.353550" lon="6.775946"><ele>1523.6</ele></trkpt><trkpt lat="46.353637" lon="6.775826"><ele>1520.0</ele></trkpt><trkpt lat="46.353712" lon="6.775760"><ele>1517.4</ele></trkpt><trkpt lat="46.353731" lon="6.775734"><ele>1516.8</ele></trkpt><trkpt lat="46.353748" lon="6.775654"><ele>1514.2</ele></trkpt><trkpt lat="46.353767" lon="6.775597"><ele>1512.4</ele></trkpt><trkpt lat="46.353746" lon="6.775515"><ele>1510.6</ele></trkpt><trkpt lat="46.353668" lon="6.775389"><ele>1506.8</ele></trkpt><trkpt lat="46.353639" lon="6.775280"><ele>1504.4</ele></trkpt><trkpt lat="46.353584" lon="6.775205"><ele>1501.8</ele></trkpt><trkpt lat="46.353624" lon="6.775085"><ele>1498.8</ele></trkpt><trkpt lat="46.353645" lon="6.775051"><ele>1497.4</ele></trkpt><trkpt lat="46.353672" lon="6.774978"><ele>1495.0</ele></trkpt><trkpt lat="46.353693" lon="6.774915"><ele>1494.0</ele></trkpt><trkpt lat="46.353729" lon="6.774729"><ele>1491.2</ele></trkpt><trkpt lat="46.353763" lon="6.774622"><ele>1489.0</ele></trkpt><trkpt lat="46.353734" lon="6.774573"><ele>1486.8</ele></trkpt><trkpt lat="46.353727" lon="6.774469"><ele>1484.2</ele></trkpt><trkpt lat="46.353769" lon="6.774267"><ele>1482.4</ele></trkpt><trkpt lat="46.353816" lon="6.774136"><ele>1481.6</ele></trkpt><trkpt lat="46.353901" lon="6.774025"><ele>1480.0</ele></trkpt><trkpt lat="46.353920" lon="6.773910"><ele>1478.2</ele></trkpt><trkpt lat="46.353939" lon="6.773836"><ele>1476.0</ele></trkpt><trkpt lat="46.353971" lon="6.773773"><ele>1473.6</ele></trkpt><trkpt lat="46.354009" lon="6.773702"><ele>1471.2</ele></trkpt><trkpt lat="46.354027" lon="6.773522"><ele>1467.4</ele></trkpt><trkpt lat="46.354045" lon="6.773445"><ele>1464.6</ele></trkpt><trkpt lat="46.354085" lon="6.773315"><ele>1461.0</ele></trkpt><trkpt lat="46.354141" lon="6.773190"><ele>1457.0</ele></trkpt><trkpt lat="46.354156" lon="6.773141"><ele>1455.6</ele></trkpt><trkpt lat="46.354193" lon="6.773024"><ele>1453.0</ele></trkpt><trkpt lat="46.354277" lon="6.772940"><ele>1449.6</ele></trkpt><trkpt lat="46.354321" lon="6.772826"><ele>1447.0</ele></trkpt><trkpt lat="46.354330" lon="6.772706"><ele>1444.8</ele></trkpt><trkpt lat="46.354324" lon="6.772614"><ele>1442.0</ele></trkpt><trkpt lat="46.354319" lon="6.772515"><ele>1439.4</ele></trkpt><trkpt lat="46.354338" lon="6.772391"><ele>1436.8</ele></trkpt><trkpt lat="46.354346" lon="6.772347"><ele>1434.6</ele></trkpt><trkpt lat="46.354366" lon="6.772238"><ele>1432.0</ele></trkpt><trkpt lat="46.354352" lon="6.772156"><ele>1429.8</ele></trkpt><trkpt lat="46.354350" lon="6.772053"><ele>1428.0</ele></trkpt><trkpt lat="46.354442" lon="6.772046"><ele>1424.8</ele></trkpt><trkpt lat="46.354511" lon="6.772149"><ele>1422.4</ele></trkpt><trkpt lat="46.354551" lon="6.772192"><ele>1419.2</ele></trkpt><trkpt lat="46.354567" lon="6.772020"><ele>1415.2</ele></trkpt><trkpt lat="46.354590" lon="6.771938"><ele>1412.8</ele></trkpt><trkpt lat="46.354616" lon="6.771857"><ele>1410.4</ele></trkpt><trkpt lat="46.354668" lon="6.771800"><ele>1407.6</ele></trkpt><trkpt lat="46.354685" lon="6.771665"><ele>1404.6</ele></trkpt><trkpt lat="46.354717" lon="6.771584"><ele>1402.2</ele></trkpt><trkpt lat="46.354743" lon="6.771492"><ele>1399.8</ele></trkpt><trkpt lat="46.354811" lon="6.771395"><ele>1396.6</ele></trkpt><trkpt lat="46.354879" lon="6.771352"><ele>1393.0</ele></trkpt><trkpt lat="46.354954" lon="6.771442"><ele>1390.6</ele></trkpt><trkpt lat="46.355027" lon="6.771561"><ele>1388.2</ele></trkpt><trkpt lat="46.355108" lon="6.771678"><ele>1384.2</ele></trkpt><trkpt lat="46.355187" lon="6.771754"><ele>1380.8</ele></trkpt><trkpt lat="46.355259" lon="6.771820"><ele>1377.2</ele></trkpt><trkpt lat="46.355334" lon="6.771880"><ele>1374.6</ele></trkpt><trkpt lat="46.355385" lon="6.771977"><ele>1371.8</ele></trkpt><trkpt lat="46.355464" lon="6.772105"><ele>1367.6</ele></trkpt><trkpt lat="46.355513" lon="6.772235"><ele>1364.0</ele></trkpt><trkpt lat="46.355561" lon="6.772320"><ele>1361.8</ele></trkpt><trkpt lat="46.355579" lon="6.772361"><ele>1359.8</ele></trkpt><trkpt lat="46.355599" lon="6.772383"><ele>1358.6</ele></trkpt><trkpt lat="46.355654" lon="6.772479"><ele>1355.6</ele></trkpt><trkpt lat="46.355743" lon="6.772534"><ele>1351.8</ele></trkpt><trkpt lat="46.355853" lon="6.772584"><ele>1348.0</ele></trkpt><trkpt lat="46.355909" lon="6.772579"><ele>1345.4</ele></trkpt><trkpt lat="46.356020" lon="6.772585"><ele>1341.6</ele></trkpt><trkpt lat="46.356121" lon="6.772617"><ele>1337.8</ele></trkpt><trkpt lat="46.356156" lon="6.772670"><ele>1335.8</ele></trkpt><trkpt lat="46.356201" lon="6.772760"><ele>1334.0</ele></trkpt><trkpt lat="46.356293" lon="6.772777"><ele>1331.0</ele></trkpt><trkpt lat="46.356353" lon="6.772718"><ele>1327.8</ele></trkpt><trkpt lat="46.356398" lon="6.772652"><ele>1326.4</ele></trkpt><trkpt lat="46.356461" lon="6.772516"><ele>1324.2</ele></trkpt><trkpt lat="46.356556" lon="6.772421"><ele>1321.2</ele></trkpt><trkpt lat="46.356671" lon="6.772357"><ele>1318.2</ele></trkpt><trkpt lat="46.356721" lon="6.772382"><ele>1316.4</ele></trkpt><trkpt lat="46.356809" lon="6.772414"><ele>1313.0</ele></trkpt><trkpt lat="46.356909" lon="6.772433"><ele>1310.4</ele></trkpt><trkpt lat="46.356972" lon="6.772437"><ele>1308.0</ele></trkpt><trkpt lat="46.356986" lon="6.772428"><ele>1305.8</ele></trkpt><trkpt lat="46.357038" lon="6.772436"><ele>1304.4</ele></trkpt><trkpt lat="46.357138" lon="6.772435"><ele>1301.8</ele></trkpt><trkpt lat="46.357223" lon="6.772408"><ele>1299.4</ele></trkpt><trkpt lat="46.357292" lon="6.772353"><ele>1297.4</ele></trkpt><trkpt lat="46.357342" lon="6.772366"><ele>1295.0</ele></trkpt><trkpt lat="46.357417" lon="6.772556"><ele>1292.4</ele></trkpt><trkpt lat="46.357440" lon="6.772690"><ele>1291.0</ele></trkpt><trkpt lat="46.357493" lon="6.772887"><ele>1289.0</ele></trkpt><trkpt lat="46.357582" lon="6.773131"><ele>1286.8</ele></trkpt><trkpt lat="46.357657" lon="6.773321"><ele>1285.6</ele></trkpt><trkpt lat="46.357766" lon="6.773514"><ele>1284.4</ele></trkpt><trkpt lat="46.357920" lon="6.773789"><ele>1282.2</ele></trkpt><trkpt lat="46.358094" lon="6.774082"><ele>1278.4</ele></trkpt><trkpt lat="46.358203" lon="6.774133"><ele>1275.8</ele></trkpt><trkpt lat="46.358341" lon="6.774120"><ele>1272.2</ele></trkpt><trkpt lat="46.358456" lon="6.774054"><ele>1270.0</ele></trkpt><trkpt lat="46.358502" lon="6.774006"><ele>1268.6</ele></trkpt><trkpt lat="46.358530" lon="6.773867"><ele>1266.2</ele></trkpt><trkpt lat="46.358528" lon="6.773703"><ele>1263.8</ele></trkpt><trkpt lat="46.358521" lon="6.773610"><ele>1261.8</ele></trkpt><trkpt lat="46.358573" lon="6.773441"><ele>1259.8</ele></trkpt><trkpt lat="46.358663" lon="6.773319"><ele>1257.6</ele></trkpt><trkpt lat="46.358729" lon="6.773206"><ele>1255.2</ele></trkpt><trkpt lat="46.358885" lon="6.772985"><ele>1251.6</ele></trkpt><trkpt lat="46.359010" lon="6.772764"><ele>1248.2</ele></trkpt><trkpt lat="46.359139" lon="6.772566"><ele>1244.8</ele></trkpt><trkpt lat="46.359241" lon="6.772355"><ele>1241.0</ele></trkpt><trkpt lat="46.359331" lon="6.772191"><ele>1238.4</ele></trkpt><trkpt lat="46.359472" lon="6.771984"><ele>1234.2</ele></trkpt><trkpt lat="46.359612" lon="6.771779"><ele>1231.4</ele></trkpt><trkpt lat="46.359726" lon="6.771591"><ele>1229.4</ele></trkpt><trkpt lat="46.359866" lon="6.771466"><ele>1226.6</ele></trkpt><trkpt lat="46.359982" lon="6.771479"><ele>1224.2</ele></trkpt><trkpt lat="46.360150" lon="6.771553"><ele>1220.8</ele></trkpt><trkpt lat="46.360343" lon="6.771604"><ele>1216.8</ele></trkpt><trkpt lat="46.360499" lon="6.771597"><ele>1214.4</ele></trkpt><trkpt lat="46.360637" lon="6.771561"><ele>1211.8</ele></trkpt><trkpt lat="46.360724" lon="6.771865"><ele>1208.8</ele></trkpt><trkpt lat="46.360743" lon="6.772128"><ele>1206.8</ele></trkpt><trkpt lat="46.360752" lon="6.772565"><ele>1205.8</ele></trkpt><trkpt lat="46.360785" lon="6.772932"><ele>1204.8</ele></trkpt><trkpt lat="46.360817" lon="6.773301"><ele>1203.0</ele></trkpt><trkpt lat="46.360881" lon="6.773602"><ele>1200.0</ele></trkpt><trkpt lat="46.360995" lon="6.773847"><ele>1197.6</ele></trkpt><trkpt lat="46.361073" lon="6.774085"><ele>1194.2</ele></trkpt><trkpt lat="46.361097" lon="6.774269"><ele>1192.0</ele></trkpt><trkpt lat="46.361217" lon="6.774272"><ele>1190.2</ele></trkpt><trkpt lat="46.361316" lon="6.774210"><ele>1187.4</ele></trkpt><trkpt lat="46.361411" lon="6.774110"><ele>1185.0</ele></trkpt><trkpt lat="46.361540" lon="6.773924"><ele>1183.0</ele></trkpt><trkpt lat="46.361608" lon="6.773923"><ele>1181.4</ele></trkpt><trkpt lat="46.361725" lon="6.773924"><ele>1178.6</ele></trkpt><trkpt lat="46.361890" lon="6.774024"><ele>1175.2</ele></trkpt><trkpt lat="46.362020" lon="6.774077"><ele>1172.2</ele></trkpt><trkpt lat="46.362169" lon="6.774180"><ele>1169.0</ele></trkpt><trkpt lat="46.362268" lon="6.774232"><ele>1166.6</ele></trkpt><trkpt lat="46.362434" lon="6.774391"><ele>1162.8</ele></trkpt><trkpt lat="46.362555" lon="6.774553"><ele>1159.8</ele></trkpt><trkpt lat="46.362622" lon="6.774592"><ele>1157.8</ele></trkpt><trkpt lat="46.362713" lon="6.774694"><ele>1154.8</ele></trkpt><trkpt lat="46.362831" lon="6.774853"><ele>1151.4</ele></trkpt><trkpt lat="46.362935" lon="6.774974"><ele>1148.2</ele></trkpt><trkpt lat="46.363043" lon="6.775099"><ele>1146.0</ele></trkpt><trkpt lat="46.363119" lon="6.775215"><ele>1144.8</ele></trkpt><trkpt lat="46.363193" lon="6.775373"><ele>1141.4</ele></trkpt><trkpt lat="46.363240" lon="6.775586"><ele>1137.8</ele></trkpt><trkpt lat="46.363292" lon="6.775721"><ele>1135.6</ele></trkpt><trkpt lat="46.363350" lon="6.775960"><ele>1132.0</ele></trkpt><trkpt lat="46.363419" lon="6.776134"><ele>1129.2</ele></trkpt><trkpt lat="46.363483" lon="6.776284"><ele>1127.0</ele></trkpt><trkpt lat="46.363544" lon="6.776434"><ele>1125.6</ele></trkpt><trkpt lat="46.363604" lon="6.776633"><ele>1122.0</ele></trkpt><trkpt lat="46.363660" lon="6.776840"><ele>1119.4</ele></trkpt><trkpt lat="46.363696" lon="6.776956"><ele>1117.6</ele></trkpt><trkpt lat="46.363771" lon="6.777022"><ele>1116.2</ele></trkpt><trkpt lat="46.363913" lon="6.777163"><ele>1113.4</ele></trkpt><trkpt lat="46.364014" lon="6.777296"><ele>1109.8</ele></trkpt><trkpt lat="46.364102" lon="6.777395"><ele>1107.6</ele></trkpt><trkpt lat="46.364220" lon="6.777514"><ele>1105.0</ele></trkpt><trkpt lat="46.364333" lon="6.777705"><ele>1101.6</ele></trkpt><trkpt lat="46.364441" lon="6.777922"><ele>1098.6</ele></trkpt><trkpt lat="46.364502" lon="6.778121"><ele>1096.2</ele></trkpt><trkpt lat="46.364608" lon="6.778310"><ele>1094.0</ele></trkpt><trkpt lat="46.364742" lon="6.778620"><ele>1090.4</ele></trkpt><trkpt lat="46.364805" lon="6.778702"><ele>1089.2</ele></trkpt><trkpt lat="46.364865" lon="6.778729"><ele>1088.0</ele></trkpt><trkpt lat="46.364957" lon="6.778788"><ele>1086.4</ele></trkpt><trkpt lat="46.365106" lon="6.778939"><ele>1084.4</ele></trkpt><trkpt lat="46.365182" lon="6.779123"><ele>1082.8</ele></trkpt><trkpt lat="46.365347" lon="6.779285"><ele>1080.0</ele></trkpt><trkpt lat="46.365449" lon="6.779412"><ele>1078.2</ele></trkpt><trkpt lat="46.365617" lon="6.779622"><ele>1075.2</ele></trkpt><trkpt lat="46.365710" lon="6.779770"><ele>1073.4</ele></trkpt><trkpt lat="46.365833" lon="6.779995"><ele>1070.6</ele></trkpt><trkpt lat="46.365911" lon="6.780239"><ele>1068.0</ele></trkpt><trkpt lat="46.365950" lon="6.780249"><ele>1067.4</ele></trkpt><trkpt lat="46.366035" lon="6.780196"><ele>1066.0</ele></trkpt><trkpt lat="46.366083" lon="6.780225"><ele>1065.2</ele></trkpt><trkpt lat="46.366127" lon="6.780294"><ele>1064.2</ele></trkpt><trkpt lat="46.366196" lon="6.780422"><ele>1062.0</ele></trkpt><trkpt lat="46.366261" lon="6.780543"><ele>1061.6</ele></trkpt><trkpt lat="46.366310" lon="6.780622"><ele>1060.8</ele></trkpt><trkpt lat="46.366332" lon="6.780693"><ele>1059.6</ele></trkpt><trkpt lat="46.366241" lon="6.780828"><ele>1058.0</ele></trkpt><trkpt lat="46.366246" lon="6.780887"><ele>1056.6</ele></trkpt><trkpt lat="46.366310" lon="6.780888"><ele>1055.8</ele></trkpt><trkpt lat="46.366375" lon="6.780893"><ele>1053.8</ele></trkpt><trkpt lat="46.366454" lon="6.780962"><ele>1051.8</ele></trkpt><trkpt lat="46.366453" lon="6.781050"><ele>1050.6</ele></trkpt><trkpt lat="46.366462" lon="6.781121"><ele>1049.4</ele></trkpt><trkpt lat="46.366442" lon="6.781337"><ele>1047.6</ele></trkpt><trkpt lat="46.366457" lon="6.781476"><ele>1045.4</ele></trkpt><trkpt lat="46.366456" lon="6.781529"><ele>1044.8</ele></trkpt><trkpt lat="46.366465" lon="6.781564"><ele>1044.2</ele></trkpt><trkpt lat="46.366493" lon="6.781607"><ele>1043.0</ele></trkpt><trkpt lat="46.366488" lon="6.781720"><ele>1041.8</ele></trkpt><trkpt lat="46.366514" lon="6.781812"><ele>1041.8</ele></trkpt><trkpt lat="46.366526" lon="6.781863"><ele>1040.8</ele></trkpt><trkpt lat="46.366518" lon="6.781953"><ele>1039.6</ele></trkpt><trkpt lat="46.366548" lon="6.782094"><ele>1039.0</ele></trkpt><trkpt lat="46.366527" lon="6.782188"><ele>1039.0</ele></trkpt><trkpt lat="46.366545" lon="6.782314"><ele>1040.8</ele></trkpt><trkpt lat="46.366537" lon="6.782514"><ele>1040.4</ele></trkpt><trkpt lat="46.366548" lon="6.782565"><ele>1039.4</ele></trkpt><trkpt lat="46.366607" lon="6.782681"><ele>1037.2</ele></trkpt><trkpt lat="46.366620" lon="6.782770"><ele>1036.2</ele></trkpt><trkpt lat="46.366606" lon="6.783006"><ele>1034.2</ele></trkpt><trkpt lat="46.366606" lon="6.783096"><ele>1034.0</ele></trkpt><trkpt lat="46.366644" lon="6.783162"><ele>1033.0</ele></trkpt><trkpt lat="46.366641" lon="6.783238"><ele>1032.0</ele></trkpt><trkpt lat="46.366608" lon="6.783346"><ele>1030.6</ele></trkpt><trkpt lat="46.366597" lon="6.783468"><ele>1028.6</ele></trkpt><trkpt lat="46.366530" lon="6.783572"><ele>1026.0</ele></trkpt><trkpt lat="46.366445" lon="6.783644"><ele>1025.8</ele></trkpt><trkpt lat="46.366451" lon="6.783644"><ele>1025.2</ele></trkpt><trkpt lat="46.366411" lon="6.783686"><ele>1024.2</ele></trkpt><trkpt lat="46.366393" lon="6.783750"><ele>1023.4</ele></trkpt><trkpt lat="46.366376" lon="6.783866"><ele>1022.8</ele></trkpt><trkpt lat="46.366280" lon="6.784108"><ele>1021.8</ele></trkpt><trkpt lat="46.366288" lon="6.784262"><ele>1019.4</ele></trkpt><trkpt lat="46.366271" lon="6.784379"><ele>1017.2</ele></trkpt><trkpt lat="46.366243" lon="6.784476"><ele>1015.8</ele></trkpt><trkpt lat="46.366234" lon="6.784598"><ele>1013.6</ele></trkpt><trkpt lat="46.366233" lon="6.784733"><ele>1011.4</ele></trkpt><trkpt lat="46.366196" lon="6.784817"><ele>1009.6</ele></trkpt><trkpt lat="46.366180" lon="6.784951"><ele>1007.2</ele></trkpt><trkpt lat="46.366182" lon="6.784998"><ele>1006.2</ele></trkpt><trkpt lat="46.366227" lon="6.785097"><ele>1004.8</ele></trkpt><trkpt lat="46.366211" lon="6.785227"><ele>1002.0</ele></trkpt><trkpt lat="46.366170" lon="6.785351"><ele>1000.4</ele></trkpt><trkpt lat="46.366141" lon="6.785496"><ele>998.8</ele></trkpt><trkpt lat="46.366128" lon="6.785633"><ele>997.6</ele></trkpt><trkpt lat="46.366115" lon="6.785745"><ele>996.4</ele></trkpt><trkpt lat="46.366085" lon="6.785933"><ele>994.4</ele></trkpt><trkpt lat="46.366054" lon="6.786085"><ele>992.0</ele></trkpt><trkpt lat="46.366050" lon="6.786153"><ele>990.8</ele></trkpt><trkpt lat="46.366045" lon="6.786231"><ele>989.2</ele></trkpt><trkpt lat="46.366016" lon="6.786376"><ele>986.6</ele></trkpt><trkpt lat="46.366006" lon="6.786491"><ele>984.4</ele></trkpt><trkpt lat="46.365999" lon="6.786641"><ele>982.0</ele></trkpt><trkpt lat="46.366026" lon="6.786692"><ele>980.4</ele></trkpt><trkpt lat="46.366043" lon="6.786764"><ele>977.8</ele></trkpt><trkpt lat="46.366095" lon="6.786934"><ele>975.0</ele></trkpt><trkpt lat="46.366126" lon="6.786976"><ele>972.2</ele></trkpt><trkpt lat="46.366120" lon="6.787045"><ele>970.0</ele></trkpt><trkpt lat="46.366097" lon="6.787198"><ele>967.4</ele></trkpt><trkpt lat="46.366126" lon="6.787285"><ele>964.8</ele></trkpt><trkpt lat="46.366123" lon="6.787351"><ele>963.0</ele></trkpt><trkpt lat="46.366087" lon="6.787475"><ele>959.6</ele></trkpt><trkpt lat="46.366106" lon="6.787581"><ele>956.0</ele></trkpt><trkpt lat="46.366254" lon="6.787466"><ele>953.4</ele></trkpt><trkpt lat="46.366354" lon="6.787349"><ele>951.0</ele></trkpt><trkpt lat="46.366579" lon="6.787432"><ele>947.4</ele></trkpt><trkpt lat="46.366681" lon="6.787606"><ele>945.0</ele></trkpt><trkpt lat="46.366743" lon="6.787829"><ele>942.2</ele></trkpt><trkpt lat="46.366738" lon="6.788077"><ele>939.6</ele></trkpt><trkpt lat="46.366657" lon="6.788344"><ele>936.2</ele></trkpt><trkpt lat="46.366611" lon="6.788610"><ele>932.8</ele></trkpt><trkpt lat="46.366562" lon="6.788823"><ele>930.0</ele></trkpt><trkpt lat="46.366532" lon="6.789025"><ele>927.8</ele></trkpt><trkpt lat="46.366442" lon="6.789392"><ele>924.4</ele></trkpt><trkpt lat="46.366388" lon="6.789656"><ele>922.0</ele></trkpt><trkpt lat="46.366385" lon="6.789893"><ele>920.2</ele></trkpt><trkpt lat="46.366353" lon="6.790106"><ele>918.6</ele></trkpt><trkpt lat="46.366386" lon="6.790307"><ele>917.6</ele></trkpt><trkpt lat="46.366414" lon="6.790361"><ele>916.6</ele></trkpt><trkpt lat="46.366472" lon="6.790334"><ele>916.0</ele></trkpt><trkpt lat="46.366487" lon="6.790412"><ele>916.0</ele></trkpt><trkpt lat="46.366487" lon="6.790412"><ele>915.2</ele></trkpt><trkpt lat="46.366487" lon="6.790412"><ele>914.8</ele></trkpt><trkpt lat="46.366487" lon="6.790412"><ele>914.4</ele></trkpt><trkpt lat="46.366191" lon="6.790545"><ele>913.8</ele></trkpt><trkpt lat="46.366565" lon="6.790470"><ele>913.4</ele></trkpt><trkpt lat="46.366510" lon="6.790463"><ele>913.0</ele></trkpt><trkpt lat="46.366513" lon="6.790382"><ele>912.4</ele></trkpt><trkpt lat="46.366503" lon="6.790385"><ele>911.8</ele></trkpt><trkpt lat="46.366473" lon="6.790404"><ele>911.2</ele></trkpt><trkpt lat="46.366362" lon="6.790675"><ele>911.0</ele></trkpt><trkpt lat="46.366286" lon="6.790749"><ele>910.8</ele></trkpt><trkpt lat="46.366223" lon="6.790869"><ele>910.6</ele></trkpt><trkpt lat="46.366159" lon="6.790990"><ele>910.6</ele></trkpt><trkpt lat="46.366096" lon="6.791110"><ele>910.6</ele></trkpt><trkpt lat="46.366032" lon="6.791231"><ele>910.6</ele></trkpt><trkpt lat="46.366219" lon="6.790687"><ele>910.8</ele></trkpt><trkpt lat="46.366322" lon="6.790612"><ele>910.2</ele></trkpt><trkpt lat="46.366314" lon="6.790696"><ele>910.0</ele></trkpt><trkpt lat="46.366376" lon="6.790622"><ele>910.0</ele></trkpt><trkpt lat="46.366438" lon="6.790549"><ele>910.4</ele></trkpt><trkpt lat="46.366469" lon="6.790556"><ele>910.2</ele></trkpt><trkpt lat="46.366467" lon="6.790521"><ele>910.2</ele></trkpt><trkpt lat="46.366439" lon="6.790543"><ele>910.2</ele></trkpt><trkpt lat="46.366252" lon="6.790577"><ele>910.6</ele></trkpt><trkpt lat="46.366231" lon="6.790805"><ele>909.2</ele></trkpt><trkpt lat="46.366234" lon="6.791112"><ele>908.2</ele></trkpt><trkpt lat="46.366220" lon="6.791223"><ele>908.0</ele></trkpt><trkpt lat="46.366244" lon="6.791474"><ele>907.4</ele></trkpt><trkpt lat="46.366285" lon="6.791597"><ele>906.8</ele></trkpt><trkpt lat="46.366394" lon="6.791840"><ele>905.6</ele></trkpt><trkpt lat="46.366484" lon="6.792035"><ele>904.2</ele></trkpt><trkpt lat="46.366514" lon="6.792130"><ele>903.8</ele></trkpt><trkpt lat="46.366543" lon="6.792248"><ele>903.6</ele></trkpt><trkpt lat="46.366669" lon="6.792518"><ele>904.2</ele></trkpt><trkpt lat="46.366748" lon="6.792733"><ele>905.0</ele></trkpt><trkpt lat="46.366801" lon="6.792949"><ele>906.0</ele></trkpt><trkpt lat="46.366838" lon="6.793060"><ele>906.4</ele></trkpt><trkpt lat="46.366955" lon="6.793230"><ele>907.4</ele></trkpt><trkpt lat="46.366953" lon="6.793397"><ele>908.2</ele></trkpt><trkpt lat="46.366955" lon="6.793507"><ele>908.8</ele></trkpt><trkpt lat="46.366966" lon="6.793591"><ele>909.2</ele></trkpt><trkpt lat="46.366955" lon="6.793732"><ele>910.2</ele></trkpt><trkpt lat="46.366971" lon="6.793849"><ele>910.8</ele></trkpt><trkpt lat="46.367004" lon="6.794103"><ele>912.0</ele></trkpt><trkpt lat="46.366997" lon="6.794235"><ele>912.8</ele></trkpt><trkpt lat="46.366966" lon="6.794384"><ele>913.6</ele></trkpt><trkpt lat="46.366983" lon="6.794575"><ele>914.6</ele></trkpt><trkpt lat="46.366964" lon="6.794769"><ele>915.4</ele></trkpt><trkpt lat="46.366968" lon="6.795044"><ele>916.2</ele></trkpt><trkpt lat="46.366973" lon="6.795243"><ele>917.0</ele></trkpt><trkpt lat="46.366989" lon="6.795411"><ele>918.0</ele></trkpt><trkpt lat="46.366997" lon="6.795602"><ele>919.4</ele></trkpt><trkpt lat="46.366945" lon="6.795873"><ele>920.4</ele></trkpt><trkpt lat="46.366933" lon="6.796118"><ele>921.0</ele></trkpt><trkpt lat="46.366956" lon="6.796203"><ele>921.6</ele></trkpt><trkpt lat="46.366978" lon="6.796285"><ele>922.2</ele></trkpt><trkpt lat="46.366963" lon="6.796447"><ele>923.0</ele></trkpt><trkpt lat="46.367013" lon="6.796603"><ele>924.0</ele></trkpt><trkpt lat="46.367030" lon="6.796632"><ele>925.0</ele></trkpt><trkpt lat="46.367110" lon="6.796664"><ele>925.6</ele></trkpt><trkpt lat="46.367333" lon="6.796859"><ele>927.6</ele></trkpt><trkpt lat="46.367435" lon="6.797041"><ele>928.2</ele></trkpt><trkpt lat="46.367535" lon="6.797162"><ele>929.2</ele></trkpt><trkpt lat="46.367636" lon="6.797226"><ele>930.0</ele></trkpt><trkpt lat="46.367753" lon="6.797300"><ele>931.0</ele></trkpt><trkpt lat="46.367932" lon="6.797475"><ele>932.0</ele></trkpt><trkpt lat="46.368151" lon="6.797747"><ele>934.0</ele></trkpt><trkpt lat="46.368302" lon="6.797974"><ele>935.6</ele></trkpt><trkpt lat="46.368340" lon="6.798048"><ele>936.2</ele></trkpt><trkpt lat="46.368328" lon="6.798138"><ele>936.6</ele></trkpt><trkpt lat="46.368371" lon="6.798211"><ele>937.4</ele></trkpt><trkpt lat="46.368631" lon="6.798512"><ele>939.6</ele></trkpt><trkpt lat="46.368757" lon="6.798621"><ele>940.8</ele></trkpt><trkpt lat="46.368825" lon="6.798622"><ele>943.0</ele></trkpt><trkpt lat="46.368998" lon="6.798763"><ele>944.2</ele></trkpt><trkpt lat="46.369109" lon="6.798990"><ele>945.0</ele></trkpt><trkpt lat="46.369201" lon="6.799186"><ele>946.6</ele></trkpt><trkpt lat="46.369289" lon="6.799231"><ele>947.4</ele></trkpt><trkpt lat="46.369407" lon="6.799301"><ele>948.4</ele></trkpt><trkpt lat="46.369510" lon="6.799393"><ele>949.4</ele></trkpt><trkpt lat="46.369627" lon="6.799439"><ele>950.6</ele></trkpt><trkpt lat="46.369806" lon="6.799676"><ele>951.6</ele></trkpt><trkpt lat="46.369949" lon="6.799894"><ele>952.6</ele></trkpt><trkpt lat="46.370013" lon="6.800051"><ele>953.4</ele></trkpt><trkpt lat="46.370036" lon="6.800197"><ele>954.2</ele></trkpt><trkpt lat="46.370138" lon="6.800433"><ele>955.8</ele></trkpt><trkpt lat="46.370184" lon="6.800652"><ele>957.0</ele></trkpt><trkpt lat="46.370228" lon="6.800842"><ele>958.0</ele></trkpt><trkpt lat="46.370226" lon="6.800934"><ele>958.8</ele></trkpt><trkpt lat="46.370244" lon="6.801052"><ele>959.4</ele></trkpt><trkpt lat="46.370352" lon="6.801335"><ele>960.6</ele></trkpt><trkpt lat="46.370349" lon="6.801369"><ele>961.0</ele></trkpt><trkpt lat="46.370376" lon="6.801416"><ele>961.2</ele></trkpt><trkpt lat="46.370389" lon="6.801528"><ele>962.0</ele></trkpt><trkpt lat="46.370497" lon="6.801713"><ele>963.0</ele></trkpt><trkpt lat="46.370516" lon="6.801808"><ele>963.4</ele></trkpt><trkpt lat="46.370551" lon="6.801987"><ele>964.8</ele></trkpt><trkpt lat="46.370590" lon="6.802144"><ele>966.0</ele></trkpt><trkpt lat="46.370636" lon="6.802274"><ele>966.8</ele></trkpt><trkpt lat="46.370687" lon="6.802452"><ele>967.4</ele></trkpt><trkpt lat="46.370741" lon="6.802639"><ele>967.8</ele></trkpt><trkpt lat="46.370785" lon="6.802769"><ele>968.4</ele></trkpt><trkpt lat="46.370892" lon="6.802949"><ele>969.6</ele></trkpt><trkpt lat="46.371065" lon="6.802998"><ele>971.0</ele></trkpt><trkpt lat="46.371203" lon="6.803207"><ele>972.2</ele></trkpt><trkpt lat="46.371282" lon="6.803328"><ele>972.6</ele></trkpt><trkpt lat="46.371458" lon="6.803641"><ele>974.8</ele></trkpt><trkpt lat="46.371455" lon="6.803850"><ele>975.6</ele></trkpt><trkpt lat="46.371479" lon="6.803963"><ele>976.0</ele></trkpt><trkpt lat="46.371564" lon="6.804256"><ele>977.4</ele></trkpt><trkpt lat="46.371644" lon="6.804409"><ele>978.8</ele></trkpt><trkpt lat="46.371676" lon="6.804722"><ele>980.2</ele></trkpt><trkpt lat="46.371707" lon="6.804815"><ele>980.6</ele></trkpt><trkpt lat="46.371824" lon="6.804748"><ele>982.4</ele></trkpt><trkpt lat="46.371949" lon="6.804784"><ele>983.4</ele></trkpt><trkpt lat="46.372149" lon="6.804969"><ele>984.6</ele></trkpt><trkpt lat="46.372312" lon="6.805205"><ele>985.4</ele></trkpt><trkpt lat="46.372401" lon="6.805434"><ele>986.6</ele></trkpt><trkpt lat="46.372441" lon="6.805611"><ele>986.6</ele></trkpt><trkpt lat="46.372458" lon="6.805764"><ele>987.6</ele></trkpt><trkpt lat="46.372508" lon="6.806008"><ele>988.6</ele></trkpt><trkpt lat="46.372545" lon="6.806056"><ele>989.6</ele></trkpt><trkpt lat="46.372652" lon="6.806115"><ele>991.6</ele></trkpt><trkpt lat="46.372706" lon="6.806308"><ele>992.4</ele></trkpt><trkpt lat="46.372684" lon="6.806493"><ele>993.2</ele></trkpt><trkpt lat="46.372694" lon="6.806661"><ele>994.0</ele></trkpt><trkpt lat="46.372749" lon="6.806859"><ele>994.4</ele></trkpt><trkpt lat="46.372768" lon="6.807096"><ele>995.6</ele></trkpt><trkpt lat="46.372784" lon="6.807249"><ele>996.2</ele></trkpt><trkpt lat="46.372705" lon="6.807596"><ele>998.0</ele></trkpt><trkpt lat="46.372836" lon="6.807856"><ele>999.2</ele></trkpt><trkpt lat="46.372904" lon="6.808044"><ele>1000.2</ele></trkpt><trkpt lat="46.372875" lon="6.808383"><ele>1001.6</ele></trkpt><trkpt lat="46.372848" lon="6.808700"><ele>1003.0</ele></trkpt><trkpt lat="46.372822" lon="6.808913"><ele>1003.8</ele></trkpt><trkpt lat="46.372890" lon="6.809186"><ele>1004.6</ele></trkpt><trkpt lat="46.372902" lon="6.809272"><ele>1004.8</ele></trkpt><trkpt lat="46.372887" lon="6.809498"><ele>1005.6</ele></trkpt><trkpt lat="46.372831" lon="6.809859"><ele>1007.0</ele></trkpt><trkpt lat="46.372847" lon="6.810013"><ele>1007.0</ele></trkpt><trkpt lat="46.372758" lon="6.810442"><ele>1007.8</ele></trkpt><trkpt lat="46.372639" lon="6.810769"><ele>1007.6</ele></trkpt><trkpt lat="46.372609" lon="6.811027"><ele>1007.8</ele></trkpt><trkpt lat="46.372673" lon="6.811229"><ele>1009.2</ele></trkpt><trkpt lat="46.372820" lon="6.811344"><ele>1010.2</ele></trkpt><trkpt lat="46.372934" lon="6.811453"><ele>1010.2</ele></trkpt><trkpt lat="46.373080" lon="6.811458"><ele>1011.0</ele></trkpt><trkpt lat="46.373204" lon="6.811373"><ele>1012.0</ele></trkpt><trkpt lat="46.373269" lon="6.811341"><ele>1012.6</ele></trkpt><trkpt lat="46.373501" lon="6.811454"><ele>1014.0</ele></trkpt><trkpt lat="46.373666" lon="6.811512"><ele>1014.8</ele></trkpt><trkpt lat="46.373872" lon="6.811450"><ele>1016.0</ele></trkpt><trkpt lat="46.373987" lon="6.811446"><ele>1016.2</ele></trkpt><trkpt lat="46.374064" lon="6.811478"><ele>1016.6</ele></trkpt><trkpt lat="46.374121" lon="6.811473"><ele>1017.0</ele></trkpt><trkpt lat="46.374172" lon="6.811526"><ele>1017.4</ele></trkpt><trkpt lat="46.374263" lon="6.811601"><ele>1017.8</ele></trkpt><trkpt lat="46.374377" lon="6.811649"><ele>1018.6</ele></trkpt><trkpt lat="46.374548" lon="6.811755"><ele>1019.6</ele></trkpt><trkpt lat="46.374736" lon="6.811927"><ele>1020.6</ele></trkpt><trkpt lat="46.374748" lon="6.811994"><ele>1021.2</ele></trkpt><trkpt lat="46.374684" lon="6.812014"><ele>1023.0</ele></trkpt><trkpt lat="46.374590" lon="6.812059"><ele>1025.6</ele></trkpt><trkpt lat="46.374555" lon="6.812102"><ele>1027.2</ele></trkpt><trkpt lat="46.374582" lon="6.812160"><ele>1028.6</ele></trkpt><trkpt lat="46.374655" lon="6.812238"><ele>1030.8</ele></trkpt><trkpt lat="46.374720" lon="6.812344"><ele>1033.0</ele></trkpt><trkpt lat="46.374749" lon="6.812381"><ele>1035.2</ele></trkpt><trkpt lat="46.374740" lon="6.812437"><ele>1037.6</ele></trkpt><trkpt lat="46.374618" lon="6.812463"><ele>1039.8</ele></trkpt><trkpt lat="46.374454" lon="6.812412"><ele>1043.0</ele></trkpt><trkpt lat="46.374479" lon="6.812486"><ele>1045.0</ele></trkpt><trkpt lat="46.374512" lon="6.812521"><ele>1046.4</ele></trkpt><trkpt lat="46.374525" lon="6.812585"><ele>1047.0</ele></trkpt><trkpt lat="46.374538" lon="6.812683"><ele>1048.4</ele></trkpt><trkpt lat="46.374639" lon="6.812743"><ele>1050.0</ele></trkpt><trkpt lat="46.374674" lon="6.812809"><ele>1051.6</ele></trkpt><trkpt lat="46.374683" lon="6.812872"><ele>1052.4</ele></trkpt><trkpt lat="46.374770" lon="6.813005"><ele>1054.8</ele></trkpt><trkpt lat="46.374669" lon="6.813018"><ele>1056.6</ele></trkpt><trkpt lat="46.374593" lon="6.812992"><ele>1059.0</ele></trkpt><trkpt lat="46.374501" lon="6.813031"><ele>1060.6</ele></trkpt><trkpt lat="46.374429" lon="6.812975"><ele>1061.8</ele></trkpt><trkpt lat="46.374327" lon="6.812886"><ele>1063.6</ele></trkpt><trkpt lat="46.374207" lon="6.812759"><ele>1065.8</ele></trkpt><trkpt lat="46.374086" lon="6.812675"><ele>1068.0</ele></trkpt><trkpt lat="46.374079" lon="6.812715"><ele>1069.4</ele></trkpt><trkpt lat="46.374195" lon="6.812816"><ele>1071.4</ele></trkpt><trkpt lat="46.374287" lon="6.812917"><ele>1073.6</ele></trkpt><trkpt lat="46.374337" lon="6.812985"><ele>1074.0</ele></trkpt><trkpt lat="46.374406" lon="6.813060"><ele>1074.6</ele></trkpt><trkpt lat="46.374468" lon="6.813124"><ele>1075.4</ele></trkpt><trkpt lat="46.374451" lon="6.813178"><ele>1076.8</ele></trkpt><trkpt lat="46.374464" lon="6.813237"><ele>1078.8</ele></trkpt><trkpt lat="46.374524" lon="6.813274"><ele>1079.8</ele></trkpt><trkpt lat="46.374607" lon="6.813316"><ele>1080.6</ele></trkpt><trkpt lat="46.374689" lon="6.813330"><ele>1081.4</ele></trkpt><trkpt lat="46.374740" lon="6.813368"><ele>1082.2</ele></trkpt><trkpt lat="46.374806" lon="6.813467"><ele>1083.8</ele></trkpt><trkpt lat="46.374870" lon="6.813570"><ele>1085.6</ele></trkpt><trkpt lat="46.374951" lon="6.813644"><ele>1086.4</ele></trkpt><trkpt lat="46.375018" lon="6.813654"><ele>1085.8</ele></trkpt><trkpt lat="46.375157" lon="6.813653"><ele>1086.6</ele></trkpt><trkpt lat="46.375314" lon="6.813547"><ele>1086.0</ele></trkpt><trkpt lat="46.375391" lon="6.813574"><ele>1085.8</ele></trkpt><trkpt lat="46.375450" lon="6.813599"><ele>1085.8</ele></trkpt><trkpt lat="46.375578" lon="6.813632"><ele>1083.2</ele></trkpt><trkpt lat="46.375619" lon="6.813696"><ele>1081.0</ele></trkpt><trkpt lat="46.375560" lon="6.813754"><ele>1079.2</ele></trkpt><trkpt lat="46.375563" lon="6.813779"><ele>1077.8</ele></trkpt><trkpt lat="46.375699" lon="6.813828"><ele>1074.0</ele></trkpt><trkpt lat="46.375701" lon="6.813880"><ele>1071.8</ele></trkpt><trkpt lat="46.375648" lon="6.813929"><ele>1069.0</ele></trkpt><trkpt lat="46.375590" lon="6.814048"><ele>1066.4</ele></trkpt><trkpt lat="46.375458" lon="6.814167"><ele>1062.4</ele></trkpt><trkpt lat="46.375407" lon="6.814228"><ele>1060.2</ele></trkpt><trkpt lat="46.375430" lon="6.814300"><ele>1057.8</ele></trkpt><trkpt lat="46.375429" lon="6.814360"><ele>1055.8</ele></trkpt><trkpt lat="46.375420" lon="6.814403"><ele>1054.6</ele></trkpt><trkpt lat="46.375417" lon="6.814488"><ele>1052.4</ele></trkpt><trkpt lat="46.375397" lon="6.814604"><ele>1050.4</ele></trkpt><trkpt lat="46.375312" lon="6.814643"><ele>1049.0</ele></trkpt><trkpt lat="46.375209" lon="6.814656"><ele>1047.4</ele></trkpt><trkpt lat="46.375151" lon="6.814685"><ele>1045.6</ele></trkpt><trkpt lat="46.375082" lon="6.814753"><ele>1043.4</ele></trkpt><trkpt lat="46.375106" lon="6.814754"><ele>1040.6</ele></trkpt><trkpt lat="46.375144" lon="6.814799"><ele>1039.2</ele></trkpt><trkpt lat="46.375169" lon="6.814864"><ele>1037.8</ele></trkpt><trkpt lat="46.375227" lon="6.814904"><ele>1036.0</ele></trkpt><trkpt lat="46.375284" lon="6.814931"><ele>1034.0</ele></trkpt><trkpt lat="46.375382" lon="6.814951"><ele>1031.8</ele></trkpt><trkpt lat="46.375479" lon="6.814902"><ele>1030.0</ele></trkpt><trkpt lat="46.375605" lon="6.814938"><ele>1029.0</ele></trkpt><trkpt lat="46.375670" lon="6.814997"><ele>1026.6</ele></trkpt><trkpt lat="46.375687" lon="6.814950"><ele>1024.4</ele></trkpt><trkpt lat="46.375702" lon="6.814928"><ele>1023.0</ele></trkpt><trkpt lat="46.375759" lon="6.814937"><ele>1020.4</ele></trkpt><trkpt lat="46.375886" lon="6.814945"><ele>1018.6</ele></trkpt><trkpt lat="46.375915" lon="6.815011"><ele>1017.4</ele></trkpt><trkpt lat="46.375880" lon="6.815077"><ele>1016.0</ele></trkpt><trkpt lat="46.375820" lon="6.815145"><ele>1013.6</ele></trkpt><trkpt lat="46.375834" lon="6.815292"><ele>1011.2</ele></trkpt><trkpt lat="46.375808" lon="6.815414"><ele>1008.8</ele></trkpt><trkpt lat="46.375771" lon="6.815523"><ele>1005.6</ele></trkpt><trkpt lat="46.375719" lon="6.815652"><ele>1002.2</ele></trkpt><trkpt lat="46.375660" lon="6.815712"><ele>1000.2</ele></trkpt><trkpt lat="46.375633" lon="6.815779"><ele>997.6</ele></trkpt><trkpt lat="46.375671" lon="6.815759"><ele>996.0</ele></trkpt><trkpt lat="46.375719" lon="6.815722"><ele>993.8</ele></trkpt><trkpt lat="46.375786" lon="6.815748"><ele>991.0</ele></trkpt><trkpt lat="46.375762" lon="6.815877"><ele>988.6</ele></trkpt><trkpt lat="46.375754" lon="6.815974"><ele>986.4</ele></trkpt><trkpt lat="46.375684" lon="6.816091"><ele>984.0</ele></trkpt><trkpt lat="46.375692" lon="6.816121"><ele>982.0</ele></trkpt><trkpt lat="46.375698" lon="6.816105"><ele>981.2</ele></trkpt><trkpt lat="46.375730" lon="6.816120"><ele>979.2</ele></trkpt><trkpt lat="46.375704" lon="6.816144"><ele>977.6</ele></trkpt><trkpt lat="46.375638" lon="6.816205"><ele>975.0</ele></trkpt><trkpt lat="46.375558" lon="6.816207"><ele>974.4</ele></trkpt><trkpt lat="46.375501" lon="6.816316"><ele>973.6</ele></trkpt><trkpt lat="46.375509" lon="6.816412"><ele>971.8</ele></trkpt><trkpt lat="46.375423" lon="6.816551"><ele>971.6</ele></trkpt><trkpt lat="46.375309" lon="6.816746"><ele>971.4</ele></trkpt><trkpt lat="46.375272" lon="6.816882"><ele>971.8</ele></trkpt><trkpt lat="46.375254" lon="6.816952"><ele>973.2</ele></trkpt><trkpt lat="46.375230" lon="6.817038"><ele>974.8</ele></trkpt><trkpt lat="46.375228" lon="6.817135"><ele>973.6</ele></trkpt><trkpt lat="46.375230" lon="6.817286"><ele>972.4</ele></trkpt><trkpt lat="46.375222" lon="6.817456"><ele>972.4</ele></trkpt><trkpt lat="46.375157" lon="6.817752"><ele>972.4</ele></trkpt><trkpt lat="46.375099" lon="6.817935"><ele>974.8</ele></trkpt><trkpt lat="46.375027" lon="6.818046"><ele>972.4</ele></trkpt><trkpt lat="46.374947" lon="6.818182"><ele>970.2</ele></trkpt><trkpt lat="46.374824" lon="6.818350"><ele>968.6</ele></trkpt><trkpt lat="46.374791" lon="6.818469"><ele>967.0</ele></trkpt><trkpt lat="46.374780" lon="6.818586"><ele>966.6</ele></trkpt><trkpt lat="46.374788" lon="6.818888"><ele>966.8</ele></trkpt><trkpt lat="46.374728" lon="6.819282"><ele>965.2</ele></trkpt><trkpt lat="46.374727" lon="6.819345"><ele>965.4</ele></trkpt><trkpt lat="46.374733" lon="6.819441"><ele>965.0</ele></trkpt><trkpt lat="46.374673" lon="6.819584"><ele>966.2</ele></trkpt><trkpt lat="46.374620" lon="6.819698"><ele>968.6</ele></trkpt><trkpt lat="46.374569" lon="6.819735"><ele>969.8</ele></trkpt><trkpt lat="46.374538" lon="6.819884"><ele>971.0</ele></trkpt><trkpt lat="46.374528" lon="6.820049"><ele>973.2</ele></trkpt><trkpt lat="46.374529" lon="6.820099"><ele>974.4</ele></trkpt><trkpt lat="46.374520" lon="6.820168"><ele>973.2</ele></trkpt><trkpt lat="46.374529" lon="6.820316"><ele>972.2</ele></trkpt><trkpt lat="46.374523" lon="6.820418"><ele>973.0</ele></trkpt><trkpt lat="46.374547" lon="6.820508"><ele>971.0</ele></trkpt><trkpt lat="46.374576" lon="6.820613"><ele>969.4</ele></trkpt><trkpt lat="46.374565" lon="6.820776"><ele>968.4</ele></trkpt><trkpt lat="46.374579" lon="6.820936"><ele>967.2</ele></trkpt><trkpt lat="46.374568" lon="6.821100"><ele>965.8</ele></trkpt><trkpt lat="46.374558" lon="6.821267"><ele>966.2</ele></trkpt><trkpt lat="46.374579" lon="6.821426"><ele>966.2</ele></trkpt><trkpt lat="46.374628" lon="6.821550"><ele>964.2</ele></trkpt><trkpt lat="46.374679" lon="6.821697"><ele>963.2</ele></trkpt><trkpt lat="46.374679" lon="6.821807"><ele>961.4</ele></trkpt><trkpt lat="46.374613" lon="6.821859"><ele>960.0</ele></trkpt><trkpt lat="46.374528" lon="6.821900"><ele>957.8</ele></trkpt><trkpt lat="46.374435" lon="6.821982"><ele>957.0</ele></trkpt><trkpt lat="46.374337" lon="6.822076"><ele>957.4</ele></trkpt><trkpt lat="46.374399" lon="6.822215"><ele>957.4</ele></trkpt><trkpt lat="46.374446" lon="6.822357"><ele>955.6</ele></trkpt><trkpt lat="46.374477" lon="6.822428"><ele>954.6</ele></trkpt><trkpt lat="46.374527" lon="6.822509"><ele>953.2</ele></trkpt><trkpt lat="46.374542" lon="6.822685"><ele>952.2</ele></trkpt><trkpt lat="46.374547" lon="6.822806"><ele>951.8</ele></trkpt><trkpt lat="46.374546" lon="6.822982"><ele>950.4</ele></trkpt><trkpt lat="46.374551" lon="6.823143"><ele>949.8</ele></trkpt><trkpt lat="46.374550" lon="6.823306"><ele>948.6</ele></trkpt><trkpt lat="46.374542" lon="6.823523"><ele>947.0</ele></trkpt><trkpt lat="46.374580" lon="6.823676"><ele>945.8</ele></trkpt><trkpt lat="46.374587" lon="6.823770"><ele>945.0</ele></trkpt><trkpt lat="46.374610" lon="6.823866"><ele>944.0</ele></trkpt><trkpt lat="46.374631" lon="6.824006"><ele>943.4</ele></trkpt><trkpt lat="46.374655" lon="6.824147"><ele>942.4</ele></trkpt><trkpt lat="46.374665" lon="6.824299"><ele>941.4</ele></trkpt><trkpt lat="46.374681" lon="6.824488"><ele>940.0</ele></trkpt><trkpt lat="46.374686" lon="6.824783"><ele>937.8</ele></trkpt><trkpt lat="46.374720" lon="6.824852"><ele>937.2</ele></trkpt><trkpt lat="46.374734" lon="6.824938"><ele>936.4</ele></trkpt><trkpt lat="46.374779" lon="6.825113"><ele>935.4</ele></trkpt><trkpt lat="46.374785" lon="6.825336"><ele>934.2</ele></trkpt><trkpt lat="46.374788" lon="6.825490"><ele>933.4</ele></trkpt><trkpt lat="46.374722" lon="6.825764"><ele>931.0</ele></trkpt><trkpt lat="46.374672" lon="6.825883"><ele>929.8</ele></trkpt><trkpt lat="46.374691" lon="6.826026"><ele>929.4</ele></trkpt><trkpt lat="46.374790" lon="6.826057"><ele>928.6</ele></trkpt><trkpt lat="46.374936" lon="6.826089"><ele>926.4</ele></trkpt><trkpt lat="46.374992" lon="6.826112"><ele>926.0</ele></trkpt><trkpt lat="46.375093" lon="6.826063"><ele>925.6</ele></trkpt><trkpt lat="46.375201" lon="6.826127"><ele>924.6</ele></trkpt><trkpt lat="46.375243" lon="6.826216"><ele>924.0</ele></trkpt><trkpt lat="46.375249" lon="6.826309"><ele>922.6</ele></trkpt><trkpt lat="46.375271" lon="6.826481"><ele>921.6</ele></trkpt><trkpt lat="46.375276" lon="6.826728"><ele>920.0</ele></trkpt><trkpt lat="46.375299" lon="6.826956"><ele>918.8</ele></trkpt><trkpt lat="46.375327" lon="6.827158"><ele>917.4</ele></trkpt><trkpt lat="46.375372" lon="6.827494"><ele>915.4</ele></trkpt><trkpt lat="46.375374" lon="6.827841"><ele>913.0</ele></trkpt><trkpt lat="46.375439" lon="6.827994"><ele>911.8</ele></trkpt><trkpt lat="46.375477" lon="6.828274"><ele>910.2</ele></trkpt><trkpt lat="46.375588" lon="6.828516"><ele>908.4</ele></trkpt><trkpt lat="46.375578" lon="6.828624"><ele>907.4</ele></trkpt><trkpt lat="46.375591" lon="6.828937"><ele>905.2</ele></trkpt><trkpt lat="46.375595" lon="6.829261"><ele>902.6</ele></trkpt><trkpt lat="46.375582" lon="6.829580"><ele>900.8</ele></trkpt><trkpt lat="46.375561" lon="6.829962"><ele>898.2</ele></trkpt><trkpt lat="46.375537" lon="6.830088"><ele>897.2</ele></trkpt><trkpt lat="46.375555" lon="6.830371"><ele>895.2</ele></trkpt><trkpt lat="46.375608" lon="6.830568"><ele>893.6</ele></trkpt><trkpt lat="46.375633" lon="6.830791"><ele>892.2</ele></trkpt><trkpt lat="46.375626" lon="6.831223"><ele>889.8</ele></trkpt><trkpt lat="46.375582" lon="6.831450"><ele>887.6</ele></trkpt><trkpt lat="46.375554" lon="6.831688"><ele>886.0</ele></trkpt><trkpt lat="46.375508" lon="6.831872"><ele>885.0</ele></trkpt><trkpt lat="46.375422" lon="6.832191"><ele>882.8</ele></trkpt><trkpt lat="46.375483" lon="6.832580"><ele>880.0</ele></trkpt><trkpt lat="46.375478" lon="6.832838"><ele>878.0</ele></trkpt><trkpt lat="46.375485" lon="6.833121"><ele>875.6</ele></trkpt><trkpt lat="46.375429" lon="6.833436"><ele>874.2</ele></trkpt><trkpt lat="46.375393" lon="6.833556"><ele>873.2</ele></trkpt><trkpt lat="46.375320" lon="6.833718"><ele>871.8</ele></trkpt><trkpt lat="46.375296" lon="6.833868"><ele>871.0</ele></trkpt><trkpt lat="46.375300" lon="6.833949"><ele>870.6</ele></trkpt><trkpt lat="46.375273" lon="6.834062"><ele>869.6</ele></trkpt><trkpt lat="46.375211" lon="6.834245"><ele>868.8</ele></trkpt><trkpt lat="46.375164" lon="6.834483"><ele>866.6</ele></trkpt><trkpt lat="46.375105" lon="6.834677"><ele>864.8</ele></trkpt><trkpt lat="46.375087" lon="6.834763"><ele>864.0</ele></trkpt><trkpt lat="46.375041" lon="6.834945"><ele>862.4</ele></trkpt><trkpt lat="46.375013" lon="6.835079"><ele>861.2</ele></trkpt><trkpt lat="46.374981" lon="6.835189"><ele>860.2</ele></trkpt><trkpt lat="46.374952" lon="6.835416"><ele>859.0</ele></trkpt><trkpt lat="46.374850" lon="6.835767"><ele>856.8</ele></trkpt><trkpt lat="46.374841" lon="6.835870"><ele>856.2</ele></trkpt><trkpt lat="46.374821" lon="6.836005"><ele>855.6</ele></trkpt><trkpt lat="46.374749" lon="6.836160"><ele>857.2</ele></trkpt><trkpt lat="46.374729" lon="6.836216"><ele>856.4</ele></trkpt><trkpt lat="46.374800" lon="6.836154"><ele>856.6</ele></trkpt><trkpt lat="46.374900" lon="6.836149"><ele>854.6</ele></trkpt><trkpt lat="46.375054" lon="6.836176"><ele>853.2</ele></trkpt><trkpt lat="46.375144" lon="6.836322"><ele>851.6</ele></trkpt><trkpt lat="46.375161" lon="6.836468"><ele>850.8</ele></trkpt><trkpt lat="46.375186" lon="6.836621"><ele>849.6</ele></trkpt><trkpt lat="46.375239" lon="6.836828"><ele>848.4</ele></trkpt><trkpt lat="46.375310" lon="6.837167"><ele>846.6</ele></trkpt><trkpt lat="46.375299" lon="6.837376"><ele>845.4</ele></trkpt><trkpt lat="46.375270" lon="6.837612"><ele>843.8</ele></trkpt><trkpt lat="46.375245" lon="6.837784"><ele>842.8</ele></trkpt><trkpt lat="46.375252" lon="6.837977"><ele>840.6</ele></trkpt><trkpt lat="46.375261" lon="6.838192"><ele>839.2</ele></trkpt><trkpt lat="46.375269" lon="6.838394"><ele>837.4</ele></trkpt><trkpt lat="46.375203" lon="6.838665"><ele>835.8</ele></trkpt><trkpt lat="46.375125" lon="6.839018"><ele>833.8</ele></trkpt><trkpt lat="46.375086" lon="6.839215"><ele>832.6</ele></trkpt><trkpt lat="46.374995" lon="6.839453"><ele>830.2</ele></trkpt><trkpt lat="46.374922" lon="6.839705"><ele>829.2</ele></trkpt><trkpt lat="46.374795" lon="6.840022"><ele>826.8</ele></trkpt><trkpt lat="46.374706" lon="6.840298"><ele>825.0</ele></trkpt><trkpt lat="46.374655" lon="6.840522"><ele>823.4</ele></trkpt><trkpt lat="46.374397" lon="6.840720"><ele>821.4</ele></trkpt><trkpt lat="46.374204" lon="6.840838"><ele>819.2</ele></trkpt><trkpt lat="46.374129" lon="6.840900"><ele>818.4</ele></trkpt><trkpt lat="46.373962" lon="6.841009"><ele>817.2</ele></trkpt><trkpt lat="46.373808" lon="6.841123"><ele>816.2</ele></trkpt><trkpt lat="46.373857" lon="6.841292"><ele>815.2</ele></trkpt><trkpt lat="46.373928" lon="6.841460"><ele>813.6</ele></trkpt><trkpt lat="46.373962" lon="6.841554"><ele>813.0</ele></trkpt><trkpt lat="46.374027" lon="6.841701"><ele>812.4</ele></trkpt><trkpt lat="46.374098" lon="6.841807"><ele>812.0</ele></trkpt><trkpt lat="46.374196" lon="6.841999"><ele>810.0</ele></trkpt><trkpt lat="46.374207" lon="6.842235"><ele>808.6</ele></trkpt><trkpt lat="46.374202" lon="6.842522"><ele>806.6</ele></trkpt><trkpt lat="46.374183" lon="6.842804"><ele>804.6</ele></trkpt><trkpt lat="46.374179" lon="6.842923"><ele>803.8</ele></trkpt><trkpt lat="46.374091" lon="6.843123"><ele>802.2</ele></trkpt><trkpt lat="46.373889" lon="6.843347"><ele>801.0</ele></trkpt><trkpt lat="46.373916" lon="6.843509"><ele>800.0</ele></trkpt><trkpt lat="46.373998" lon="6.843727"><ele>797.8</ele></trkpt><trkpt lat="46.373966" lon="6.844099"><ele>795.4</ele></trkpt><trkpt lat="46.373894" lon="6.844362"><ele>793.4</ele></trkpt><trkpt lat="46.373854" lon="6.844658"><ele>791.2</ele></trkpt><trkpt lat="46.373802" lon="6.844946"><ele>789.0</ele></trkpt><trkpt lat="46.373787" lon="6.845279"><ele>786.6</ele></trkpt><trkpt lat="46.373758" lon="6.845476"><ele>785.0</ele></trkpt><trkpt lat="46.373719" lon="6.845964"><ele>782.2</ele></trkpt><trkpt lat="46.373689" lon="6.846237"><ele>780.6</ele></trkpt><trkpt lat="46.373636" lon="6.846395"><ele>779.8</ele></trkpt><trkpt lat="46.373594" lon="6.846584"><ele>778.4</ele></trkpt><trkpt lat="46.373519" lon="6.846834"><ele>776.4</ele></trkpt><trkpt lat="46.373408" lon="6.847112"><ele>774.2</ele></trkpt><trkpt lat="46.373337" lon="6.847259"><ele>773.0</ele></trkpt><trkpt lat="46.373173" lon="6.847561"><ele>770.6</ele></trkpt><trkpt lat="46.373117" lon="6.847792"><ele>769.0</ele></trkpt><trkpt lat="46.373117" lon="6.848056"><ele>767.0</ele></trkpt><trkpt lat="46.373037" lon="6.848255"><ele>765.4</ele></trkpt><trkpt lat="46.373018" lon="6.848506"><ele>764.4</ele></trkpt><trkpt lat="46.372943" lon="6.848839"><ele>764.0</ele></trkpt><trkpt lat="46.372984" lon="6.849034"><ele>761.8</ele></trkpt><trkpt lat="46.372976" lon="6.849163"><ele>760.2</ele></trkpt><trkpt lat="46.372918" lon="6.849366"><ele>758.2</ele></trkpt><trkpt lat="46.372917" lon="6.849635"><ele>755.6</ele></trkpt><trkpt lat="46.372903" lon="6.849923"><ele>752.4</ele></trkpt><trkpt lat="46.372810" lon="6.850108"><ele>750.2</ele></trkpt><trkpt lat="46.372762" lon="6.850293"><ele>748.2</ele></trkpt><trkpt lat="46.372673" lon="6.850510"><ele>745.6</ele></trkpt><trkpt lat="46.372621" lon="6.850706"><ele>743.2</ele></trkpt><trkpt lat="46.372557" lon="6.850919"><ele>740.8</ele></trkpt><trkpt lat="46.372406" lon="6.851150"><ele>737.2</ele></trkpt><trkpt lat="46.372383" lon="6.851263"><ele>735.8</ele></trkpt><trkpt lat="46.372410" lon="6.851248"><ele>733.6</ele></trkpt><trkpt lat="46.372522" lon="6.851092"><ele>731.4</ele></trkpt><trkpt lat="46.372648" lon="6.850889"><ele>729.0</ele></trkpt><trkpt lat="46.372776" lon="6.850778"><ele>726.8</ele></trkpt><trkpt lat="46.372867" lon="6.850676"><ele>724.8</ele></trkpt><trkpt lat="46.373032" lon="6.850520"><ele>721.4</ele></trkpt><trkpt lat="46.373139" lon="6.850385"><ele>719.4</ele></trkpt><trkpt lat="46.373237" lon="6.850193"><ele>717.2</ele></trkpt><trkpt lat="46.373332" lon="6.850018"><ele>714.8</ele></trkpt><trkpt lat="46.373465" lon="6.849800"><ele>712.0</ele></trkpt><trkpt lat="46.373557" lon="6.849571"><ele>709.4</ele></trkpt><trkpt lat="46.373637" lon="6.849417"><ele>707.0</ele></trkpt><trkpt lat="46.373692" lon="6.849425"><ele>705.8</ele></trkpt><trkpt lat="46.373715" lon="6.849599"><ele>704.4</ele></trkpt><trkpt lat="46.373707" lon="6.849817"><ele>702.6</ele></trkpt><trkpt lat="46.373713" lon="6.850122"><ele>699.2</ele></trkpt><trkpt lat="46.373685" lon="6.850401"><ele>696.0</ele></trkpt><trkpt lat="46.373645" lon="6.850623"><ele>693.4</ele></trkpt><trkpt lat="46.373619" lon="6.850815"><ele>691.0</ele></trkpt><trkpt lat="46.373535" lon="6.851074"><ele>688.4</ele></trkpt><trkpt lat="46.373393" lon="6.851381"><ele>685.0</ele></trkpt><trkpt lat="46.373357" lon="6.851574"><ele>682.6</ele></trkpt><trkpt lat="46.373232" lon="6.851842"><ele>679.2</ele></trkpt><trkpt lat="46.373268" lon="6.851734"><ele>677.0</ele></trkpt><trkpt lat="46.373315" lon="6.851664"><ele>675.8</ele></trkpt><trkpt lat="46.373420" lon="6.851486"><ele>673.6</ele></trkpt><trkpt lat="46.373540" lon="6.851376"><ele>671.2</ele></trkpt><trkpt lat="46.373728" lon="6.851299"><ele>668.8</ele></trkpt><trkpt lat="46.373820" lon="6.851157"><ele>666.2</ele></trkpt><trkpt lat="46.373919" lon="6.850962"><ele>663.8</ele></trkpt><trkpt lat="46.374081" lon="6.850836"><ele>661.4</ele></trkpt><trkpt lat="46.374171" lon="6.850656"><ele>659.0</ele></trkpt><trkpt lat="46.374239" lon="6.850526"><ele>657.0</ele></trkpt><trkpt lat="46.374362" lon="6.850356"><ele>654.4</ele></trkpt><trkpt lat="46.374469" lon="6.850211"><ele>651.6</ele></trkpt><trkpt lat="46.374597" lon="6.849978"><ele>648.4</ele></trkpt><trkpt lat="46.374713" lon="6.849865"><ele>646.2</ele></trkpt><trkpt lat="46.374794" lon="6.849708"><ele>643.6</ele></trkpt><trkpt lat="46.374848" lon="6.849532"><ele>641.4</ele></trkpt><trkpt lat="46.374950" lon="6.849368"><ele>638.8</ele></trkpt><trkpt lat="46.375073" lon="6.849130"><ele>635.6</ele></trkpt><trkpt lat="46.375140" lon="6.848970"><ele>633.4</ele></trkpt><trkpt lat="46.375206" lon="6.848803"><ele>630.8</ele></trkpt><trkpt lat="46.375252" lon="6.848595"><ele>628.4</ele></trkpt><trkpt lat="46.375258" lon="6.848489"><ele>627.4</ele></trkpt><trkpt lat="46.375263" lon="6.848308"><ele>625.4</ele></trkpt><trkpt lat="46.375342" lon="6.848043"><ele>622.4</ele></trkpt><trkpt lat="46.375405" lon="6.847805"><ele>619.6</ele></trkpt><trkpt lat="46.375373" lon="6.847637"><ele>617.2</ele></trkpt><trkpt lat="46.375373" lon="6.847416"><ele>614.6</ele></trkpt><trkpt lat="46.375451" lon="6.847159"><ele>612.2</ele></trkpt><trkpt lat="46.375593" lon="6.847020"><ele>610.4</ele></trkpt><trkpt lat="46.375737" lon="6.846950"><ele>608.4</ele></trkpt><trkpt lat="46.375856" lon="6.846906"><ele>606.6</ele></trkpt><trkpt lat="46.376016" lon="6.846872"><ele>604.6</ele></trkpt><trkpt lat="46.376169" lon="6.846820"><ele>602.4</ele></trkpt><trkpt lat="46.376320" lon="6.846799"><ele>600.2</ele></trkpt><trkpt lat="46.376509" lon="6.846815"><ele>597.6</ele></trkpt><trkpt lat="46.376725" lon="6.846833"><ele>595.2</ele></trkpt><trkpt lat="46.376979" lon="6.846823"><ele>591.8</ele></trkpt><trkpt lat="46.377144" lon="6.846777"><ele>589.6</ele></trkpt><trkpt lat="46.377332" lon="6.846625"><ele>587.2</ele></trkpt><trkpt lat="46.377467" lon="6.846533"><ele>584.8</ele></trkpt><trkpt lat="46.377491" lon="6.846631"><ele>583.8</ele></trkpt><trkpt lat="46.377424" lon="6.846841"><ele>581.8</ele></trkpt><trkpt lat="46.377334" lon="6.846938"><ele>580.4</ele></trkpt><trkpt lat="46.376986" lon="6.847180"><ele>579.6</ele></trkpt><trkpt lat="46.376921" lon="6.847407"><ele>577.0</ele></trkpt><trkpt lat="46.376874" lon="6.847590"><ele>575.0</ele></trkpt><trkpt lat="46.376794" lon="6.847739"><ele>573.6</ele></trkpt><trkpt lat="46.376723" lon="6.847920"><ele>571.4</ele></trkpt><trkpt lat="46.376736" lon="6.848086"><ele>569.6</ele></trkpt><trkpt lat="46.376764" lon="6.848322"><ele>567.2</ele></trkpt><trkpt lat="46.376827" lon="6.848571"><ele>564.8</ele></trkpt><trkpt lat="46.376882" lon="6.848757"><ele>562.6</ele></trkpt><trkpt lat="46.376904" lon="6.849035"><ele>560.2</ele></trkpt><trkpt lat="46.376904" lon="6.849155"><ele>559.2</ele></trkpt><trkpt lat="46.376928" lon="6.849477"><ele>556.8</ele></trkpt><trkpt lat="46.376958" lon="6.849731"><ele>554.6</ele></trkpt><trkpt lat="46.376969" lon="6.849993"><ele>552.4</ele></trkpt><trkpt lat="46.376943" lon="6.850188"><ele>551.2</ele></trkpt><trkpt lat="46.376785" lon="6.850489"><ele>547.2</ele></trkpt><trkpt lat="46.376706" lon="6.850722"><ele>546.8</ele></trkpt><trkpt lat="46.376702" lon="6.850905"><ele>546.0</ele></trkpt><trkpt lat="46.376699" lon="6.851142"><ele>544.4</ele></trkpt><trkpt lat="46.376668" lon="6.851340"><ele>542.8</ele></trkpt><trkpt lat="46.376615" lon="6.851559"><ele>540.4</ele></trkpt><trkpt lat="46.376510" lon="6.851759"><ele>538.0</ele></trkpt><trkpt lat="46.376461" lon="6.851843"><ele>536.8</ele></trkpt><trkpt lat="46.376410" lon="6.852019"><ele>534.6</ele></trkpt><trkpt lat="46.376401" lon="6.852141"><ele>532.6</ele></trkpt><trkpt lat="46.376357" lon="6.852576"><ele>531.6</ele></trkpt><trkpt lat="46.376143" lon="6.852660"><ele>532.0</ele></trkpt><trkpt lat="46.376108" lon="6.852738"><ele>531.2</ele></trkpt><trkpt lat="46.376166" lon="6.852837"><ele>527.8</ele></trkpt><trkpt lat="46.376202" lon="6.852846"><ele>526.0</ele></trkpt><trkpt lat="46.376223" lon="6.852869"><ele>524.8</ele></trkpt><trkpt lat="46.376246" lon="6.852905"><ele>523.4</ele></trkpt><trkpt lat="46.376313" lon="6.852972"><ele>521.6</ele></trkpt><trkpt lat="46.376370" lon="6.853027"><ele>519.8</ele></trkpt><trkpt lat="46.376426" lon="6.853067"><ele>517.6</ele></trkpt><trkpt lat="46.376575" lon="6.853108"><ele>513.8</ele></trkpt><trkpt lat="46.376662" lon="6.853025"><ele>511.2</ele></trkpt><trkpt lat="46.376793" lon="6.852996"><ele>508.2</ele></trkpt><trkpt lat="46.376846" lon="6.853007"><ele>506.0</ele></trkpt><trkpt lat="46.376966" lon="6.853042"><ele>503.4</ele></trkpt><trkpt lat="46.377104" lon="6.852999"><ele>500.8</ele></trkpt><trkpt lat="46.377269" lon="6.852983"><ele>497.2</ele></trkpt><trkpt lat="46.377354" lon="6.852985"><ele>495.0</ele></trkpt><trkpt lat="46.377499" lon="6.852977"><ele>492.4</ele></trkpt><trkpt lat="46.377579" lon="6.852938"><ele>489.4</ele></trkpt><trkpt lat="46.377726" lon="6.852993"><ele>485.8</ele></trkpt><trkpt lat="46.377854" lon="6.853053"><ele>482.2</ele></trkpt><trkpt lat="46.377993" lon="6.853085"><ele>478.4</ele></trkpt><trkpt lat="46.378087" lon="6.853093"><ele>475.8</ele></trkpt><trkpt lat="46.378184" lon="6.853096"><ele>473.2</ele></trkpt><trkpt lat="46.378373" lon="6.852934"><ele>469.4</ele></trkpt><trkpt lat="46.378641" lon="6.852544"><ele>467.6</ele></trkpt><trkpt lat="46.378783" lon="6.852442"><ele>466.0</ele></trkpt><trkpt lat="46.379001" lon="6.852337"><ele>463.8</ele></trkpt><trkpt lat="46.379194" lon="6.852281"><ele>461.8</ele></trkpt><trkpt lat="46.379367" lon="6.852279"><ele>459.4</ele></trkpt><trkpt lat="46.379631" lon="6.852193"><ele>456.2</ele></trkpt><trkpt lat="46.379766" lon="6.852141"><ele>454.6</ele></trkpt><trkpt lat="46.379960" lon="6.852062"><ele>451.8</ele></trkpt><trkpt lat="46.380151" lon="6.852053"><ele>450.0</ele></trkpt><trkpt lat="46.380348" lon="6.852052"><ele>447.6</ele></trkpt><trkpt lat="46.380593" lon="6.852105"><ele>444.6</ele></trkpt><trkpt lat="46.380773" lon="6.852116"><ele>442.4</ele></trkpt><trkpt lat="46.380980" lon="6.852152"><ele>440.2</ele></trkpt><trkpt lat="46.381156" lon="6.852208"><ele>437.6</ele></trkpt><trkpt lat="46.381363" lon="6.852241"><ele>435.2</ele></trkpt><trkpt lat="46.381595" lon="6.852293"><ele>432.0</ele></trkpt><trkpt lat="46.381698" lon="6.852317"><ele>430.6</ele></trkpt><trkpt lat="46.381963" lon="6.852471"><ele>428.2</ele></trkpt><trkpt lat="46.382127" lon="6.852540"><ele>426.2</ele></trkpt><trkpt lat="46.382369" lon="6.852539"><ele>424.6</ele></trkpt><trkpt lat="46.382673" lon="6.852354"><ele>422.8</ele></trkpt><trkpt lat="46.382891" lon="6.852182"><ele>421.4</ele></trkpt><trkpt lat="46.382996" lon="6.852304"><ele>420.0</ele></trkpt><trkpt lat="46.383069" lon="6.852556"><ele>417.8</ele></trkpt><trkpt lat="46.383195" lon="6.852801"><ele>414.8</ele></trkpt><trkpt lat="46.383388" lon="6.853032"><ele>411.6</ele></trkpt><trkpt lat="46.383509" lon="6.853339"><ele>409.2</ele></trkpt><trkpt lat="46.383612" lon="6.853587"><ele>407.0</ele></trkpt><trkpt lat="46.383822" lon="6.853551"><ele>405.6</ele></trkpt><trkpt lat="46.384035" lon="6.853344"><ele>404.0</ele></trkpt><trkpt lat="46.384354" lon="6.853272"><ele>401.8</ele></trkpt><trkpt lat="46.384625" lon="6.853202"><ele>400.2</ele></trkpt><trkpt lat="46.384783" lon="6.853122"><ele>398.6</ele></trkpt><trkpt lat="46.384971" lon="6.853038"><ele>396.2</ele></trkpt><trkpt lat="46.385063" lon="6.853069"><ele>393.8</ele></trkpt><trkpt lat="46.385064" lon="6.853089"><ele>391.8</ele></trkpt><trkpt lat="46.385128" lon="6.853219"><ele>392.8</ele></trkpt><trkpt lat="46.385194" lon="6.853022"><ele>394.2</ele></trkpt><trkpt lat="46.385433" lon="6.852637"><ele>393.4</ele></trkpt><trkpt lat="46.385556" lon="6.852456"><ele>391.4</ele></trkpt><trkpt lat="46.385740" lon="6.852288"><ele>390.4</ele></trkpt><trkpt lat="46.386111" lon="6.851871"><ele>390.0</ele></trkpt><trkpt lat="46.386338" lon="6.851614"><ele>389.4</ele></trkpt><trkpt lat="46.386467" lon="6.851491"><ele>389.0</ele></trkpt><trkpt lat="46.386628" lon="6.851277"><ele>389.8</ele></trkpt><trkpt lat="46.386792" lon="6.851045"><ele>391.4</ele></trkpt><trkpt lat="46.386837" lon="6.850887"><ele>393.4</ele></trkpt><trkpt lat="46.386879" lon="6.850727"><ele>394.2</ele></trkpt><trkpt lat="46.386976" lon="6.850112"><ele>393.8</ele></trkpt><trkpt lat="46.387139" lon="6.849672"><ele>393.6</ele></trkpt><trkpt lat="46.387314" lon="6.849369"><ele>393.6</ele></trkpt><trkpt lat="46.387527" lon="6.848845"><ele>393.2</ele></trkpt><trkpt lat="46.387600" lon="6.848457"><ele>392.8</ele></trkpt><trkpt lat="46.387586" lon="6.848044"><ele>392.8</ele></trkpt><trkpt lat="46.387582" lon="6.847609"><ele>392.0</ele></trkpt><trkpt lat="46.387576" lon="6.847032"><ele>391.8</ele></trkpt><trkpt lat="46.387558" lon="6.846399"><ele>391.6</ele></trkpt><trkpt lat="46.387551" lon="6.845976"><ele>391.2</ele></trkpt><trkpt lat="46.387526" lon="6.845325"><ele>391.6</ele></trkpt><trkpt lat="46.387510" lon="6.844870"><ele>391.6</ele></trkpt><trkpt lat="46.387584" lon="6.844792"><ele>391.6</ele></trkpt><trkpt lat="46.387709" lon="6.844921"><ele>390.8</ele></trkpt><trkpt lat="46.387774" lon="6.845382"><ele>388.8</ele></trkpt><trkpt lat="46.387833" lon="6.845721"><ele>386.2</ele></trkpt><trkpt lat="46.387915" lon="6.846175"><ele>384.2</ele></trkpt><trkpt lat="46.387970" lon="6.846309"><ele>383.6</ele></trkpt><trkpt lat="46.388009" lon="6.846490"><ele>381.8</ele></trkpt><trkpt lat="46.388065" lon="6.846925"><ele>379.6</ele></trkpt><trkpt lat="46.388051" lon="6.847472"><ele>380.0</ele></trkpt><trkpt lat="46.388023" lon="6.847841"><ele>380.6</ele></trkpt><trkpt lat="46.387917" lon="6.848267"><ele>380.0</ele></trkpt><trkpt lat="46.387875" lon="6.848762"><ele>379.4</ele></trkpt><trkpt lat="46.387704" lon="6.849303"><ele>379.4</ele></trkpt><trkpt lat="46.387534" lon="6.849743"><ele>379.2</ele></trkpt><trkpt lat="46.387400" lon="6.850141"><ele>379.0</ele></trkpt><trkpt lat="46.387185" lon="6.850669"><ele>379.0</ele></trkpt><trkpt lat="46.387022" lon="6.851120"><ele>379.0</ele></trkpt><trkpt lat="46.386831" lon="6.851839"><ele>379.0</ele></trkpt><trkpt lat="46.386689" lon="6.852341"><ele>378.8</ele></trkpt><trkpt lat="46.386630" lon="6.852931"><ele>379.2</ele></trkpt><trkpt lat="46.386433" lon="6.853474"><ele>379.0</ele></trkpt><trkpt lat="46.386290" lon="6.853773"><ele>378.8</ele></trkpt><trkpt lat="46.386048" lon="6.854246"><ele>378.8</ele></trkpt><trkpt lat="46.385850" lon="6.854656"><ele>378.6</ele></trkpt><trkpt lat="46.385582" lon="6.855059"><ele>378.4</ele></trkpt><trkpt lat="46.385376" lon="6.855331"><ele>378.2</ele></trkpt><trkpt lat="46.385349" lon="6.855853"><ele>378.0</ele></trkpt><trkpt lat="46.385520" lon="6.856580"><ele>377.6</ele></trkpt><trkpt lat="46.385586" lon="6.856997"><ele>377.8</ele></trkpt><trkpt lat="46.385741" lon="6.857473"><ele>378.0</ele></trkpt><trkpt lat="46.386016" lon="6.857717"><ele>377.6</ele></trkpt><trkpt lat="46.386348" lon="6.857332"><ele>377.2</ele></trkpt><trkpt lat="46.386639" lon="6.856926"><ele>377.0</ele></trkpt><trkpt lat="46.386834" lon="6.856696"><ele>377.2</ele></trkpt></trkseg></trk></gpx>